Region,Suburb,Year,Population
Belconnen,Aranda,2014,2477
Belconnen,Belconnen,2014,6332
Belconnen,Bruce,2014,7010
Belconnen,Charnwood,2014,3074
Belconnen,Cook,2014,2949
Belconnen,Dunlop,2014,7273
Belconnen,Evatt,2014,5379
Belconnen,Florey,2014,5065
Belconnen,Flynn,2014,3531
Belconnen,Fraser,2014,2118
Belconnen,Giralang,2014,3351
Belconnen,Hawker,2014,2952
Belconnen,Higgins,2014,3128
Belconnen,Holt,2014,4734
Belconnen,Kaleen,2014,7448
Belconnen,Latham,2014,3656
Belconnen,Lawson,2014,0
Belconnen,Macgregor,2014,6530
Belconnen,Macquarie,2014,2753
Belconnen,McKellar,2014,2853
Belconnen,Melba,2014,3221
Belconnen,Page,2014,3010
Belconnen,Scullin,2014,2941
Belconnen,Spence,2014,2605
Belconnen,Weetangera,2014,2668
Inner North,Majura,2014,170
Gungahlin,Amaroo,2014,5674
Gungahlin,Bonner,2014,5751
Gungahlin,Casey,2014,4353
Gungahlin,Crace,2014,3083
Gungahlin,Forde,2014,3824
Gungahlin,Franklin,2014,5580
Gungahlin,Gungahlin,2014,6098
Gungahlin,Hall,2014,304
Gungahlin,Harrison,2014,6481
Gungahlin,Mitchell,2014,6
Gungahlin,Ngunnawal,2014,9561
Gungahlin,Nicholls,2014,6943
Gungahlin,Palmerston,2014,5739
Gungahlin,Kenny,2014,13
Inner North,Acton,2014,2049
Inner North,Ainslie,2014,5250
Inner North,Braddon,2014,5426
Inner North,Civic,2014,3825
Inner North,Dickson,2014,2228
Inner North,Downer,2014,3637
Inner North,Hackett,2014,2991
Inner North,Lyneham,2014,5046
Inner North,O'Connor,2014,5596
Inner North,Turner,2014,3987
Inner North,Watson,2014,5855
Inner North,Black Mountain,2014,0
Inner North,Campbell,2014,3302
Inner North,Duntroon,2014,1775
Inner North,Reid,2014,1696
Inner North,Russell,2014,0
Inner South,Deakin,2014,2882
Inner South,Forrest,2014,1652
Inner South,Griffith,2014,4292
Inner South,Narrabundah,2014,5854
Inner South,Red Hill,2014,3287
Inner South,Yarralumla,2014,2991
Inner South,Barton,2014,1419
Inner South,Fyshwick,2014,50
Inner South,Kingston,2014,4034
Tuggeranong,Banks,2014,5066
Tuggeranong,Bonython,2014,3915
Tuggeranong,Calwell,2014,5890
Tuggeranong,Chisholm,2014,5236
Tuggeranong,Conder,2014,5220
Tuggeranong,Fadden,2014,3037
Tuggeranong,Gilmore,2014,2829
Tuggeranong,Gordon,2014,7776
Tuggeranong,Gowrie,2014,3086
Tuggeranong,Greenway,2014,1816
Tuggeranong,Isabella Plains,2014,4410
Tuggeranong,Kambah,2014,15324
Tuggeranong,Macarthur,2014,1475
Tuggeranong,Monash,2014,5507
Tuggeranong,Oxley,2014,1756
Tuggeranong,Richardson,2014,3120
Tuggeranong,Theodore,2014,3937
Tuggeranong,Wanniassa,2014,7763
Weston Creek,Chapman,2014,2781
Weston Creek,Duffy,2014,3316
Weston Creek,Fisher,2014,3110
Weston Creek,Holder,2014,2737
Weston Creek,Rivett,2014,3215
Weston Creek,Stirling,2014,2183
Weston Creek,Waramanga,2014,2717
Weston Creek,Weston,2014,3560
Woden,Chifley,2014,2592
Woden,Curtin,2014,5352
Woden,Farrer,2014,3386
Woden,Garran,2014,3454
Woden,Hughes,2014,3065
Woden,Isaacs,2014,2414
Woden,Lyons,2014,3033
Woden,Mawson,2014,3230
Woden,O'Malley,2014,987
Woden,Pearce,2014,2620
Woden,Phillip,2014,2546
Woden,Torrens,2014,2288
Molonglo District,Coombs,2014,40
Molonglo District,Molonglo,2014,0
Molonglo District,Wright,2014,1025
Inner South,Parkes & Capital Hill,2014,7
Belconnen,Aranda,2015,2460
Belconnen,Belconnen,2015,6529
Belconnen,Bruce,2015,7071
Belconnen,Charnwood,2015,3039
Belconnen,Cook,2015,2919
Belconnen,Dunlop,2015,7258
Belconnen,Evatt,2015,5354
Belconnen,Florey,2015,4971
Belconnen,Flynn,2015,3467
Belconnen,Fraser,2015,2074
Belconnen,Giralang,2015,3348
Belconnen,Hawker,2015,2953
Belconnen,Higgins,2015,3107
Belconnen,Holt,2015,4645
Belconnen,Kaleen,2015,7399
Belconnen,Latham,2015,3634
Belconnen,Lawson,2015,0
Belconnen,Macgregor,2015,6701
Belconnen,Macquarie,2015,2755
Belconnen,McKellar,2015,2818
Belconnen,Melba,2015,3182
Belconnen,Page,2015,3040
Belconnen,Scullin,2015,2943
Belconnen,Spence,2015,2590
Belconnen,Weetangera,2015,2649
Inner North,Majura,2015,171
Gungahlin,Amaroo,2015,5687
Gungahlin,Bonner,2015,6223
Gungahlin,Casey,2015,5405
Gungahlin,Crace,2015,3962
Gungahlin,Forde,2015,4087
Gungahlin,Franklin,2015,6045
Gungahlin,Gungahlin,2015,6176
Gungahlin,Hall,2015,298
Gungahlin,Harrison,2015,7272
Gungahlin,Mitchell,2015,5
Gungahlin,Ngunnawal,2015,10176
Gungahlin,Nicholls,2015,6946
Gungahlin,Palmerston,2015,5666
Gungahlin,Kenny,2015,11
Inner North,Acton,2015,2100
Inner North,Ainslie,2015,5255
Inner North,Braddon,2015,5565
Inner North,Civic,2015,4039
Inner North,Dickson,2015,2245
Inner North,Downer,2015,3643
Inner North,Hackett,2015,2981
Inner North,Lyneham,2015,5155
Inner North,O'Connor,2015,5621
Inner North,Turner,2015,4067
Inner North,Watson,2015,5888
Inner North,Black Mountain,2015,0
Inner North,Campbell,2015,3299
Inner North,Duntroon,2015,1795
Inner North,Reid,2015,1710
Inner North,Russell,2015,0
Inner South,Deakin,2015,2903
Inner South,Forrest,2015,1676
Inner South,Griffith,2015,4467
Inner South,Narrabundah,2015,5918
Inner South,Red Hill,2015,3258
Inner South,Yarralumla,2015,2999
Inner South,Barton,2015,1456
Inner South,Fyshwick,2015,54
Inner South,Kingston,2015,4271
Tuggeranong,Banks,2015,5024
Tuggeranong,Bonython,2015,3891
Tuggeranong,Calwell,2015,5858
Tuggeranong,Chisholm,2015,5207
Tuggeranong,Conder,2015,5141
Tuggeranong,Fadden,2015,2993
Tuggeranong,Gilmore,2015,2798
Tuggeranong,Gordon,2015,7690
Tuggeranong,Gowrie,2015,3084
Tuggeranong,Greenway,2015,1865
Tuggeranong,Isabella Plains,2015,4411
Tuggeranong,Kambah,2015,15133
Tuggeranong,Macarthur,2015,1462
Tuggeranong,Monash,2015,5471
Tuggeranong,Oxley,2015,1734
Tuggeranong,Richardson,2015,3078
Tuggeranong,Theodore,2015,3870
Tuggeranong,Wanniassa,2015,7630
Weston Creek,Chapman,2015,2753
Weston Creek,Duffy,2015,3225
Weston Creek,Fisher,2015,3059
Weston Creek,Holder,2015,2679
Weston Creek,Rivett,2015,3179
Weston Creek,Stirling,2015,2157
Weston Creek,Waramanga,2015,2682
Weston Creek,Weston,2015,3604
Woden,Chifley,2015,2538
Woden,Curtin,2015,5330
Woden,Farrer,2015,3333
Woden,Garran,2015,3500
Woden,Hughes,2015,3048
Woden,Isaacs,2015,2398
Woden,Lyons,2015,3071
Woden,Mawson,2015,3263
Woden,O'Malley,2015,1009
Woden,Pearce,2015,2614
Woden,Phillip,2015,2766
Woden,Torrens,2015,2242
Molonglo District,Coombs,2015,1052
Molonglo District,Molonglo,2015,0
Molonglo District,Wright,2015,2046
Inner South,Parkes & Capital Hill,2015,8
Belconnen,Aranda,2016,2447
Belconnen,Belconnen,2016,6743
Belconnen,Bruce,2016,7147
Belconnen,Charnwood,2016,3004
Belconnen,Cook,2016,2902
Belconnen,Dunlop,2016,7253
Belconnen,Evatt,2016,5366
Belconnen,Florey,2016,4893
Belconnen,Flynn,2016,3413
Belconnen,Fraser,2016,2028
Belconnen,Giralang,2016,3354
Belconnen,Hawker,2016,2960
Belconnen,Higgins,2016,3090
Belconnen,Holt,2016,4612
Belconnen,Kaleen,2016,7369
Belconnen,Latham,2016,3649
Belconnen,Lawson,2016,146
Belconnen,Macgregor,2016,6875
Belconnen,Macquarie,2016,2763
Belconnen,McKellar,2016,2810
Belconnen,Melba,2016,3154
Belconnen,Page,2016,3084
Belconnen,Scullin,2016,2953
Belconnen,Spence,2016,2601
Belconnen,Weetangera,2016,2636
Inner North,Majura,2016,179
Gungahlin,Amaroo,2016,5726
Gungahlin,Bonner,2016,6832
Gungahlin,Casey,2016,5967
Gungahlin,Crace,2016,4561
Gungahlin,Forde,2016,4360
Gungahlin,Franklin,2016,6531
Gungahlin,Gungahlin,2016,6276
Gungahlin,Hall,2016,293
Gungahlin,Harrison,2016,7828
Gungahlin,Mitchell,2016,4
Gungahlin,Ngunnawal,2016,10590
Gungahlin,Nicholls,2016,6964
Gungahlin,Palmerston,2016,5641
Gungahlin,Kenny,2016,9
Inner North,Acton,2016,2126
Inner North,Ainslie,2016,5285
Inner North,Braddon,2016,5666
Inner North,Civic,2016,4386
Inner North,Dickson,2016,2263
Inner North,Downer,2016,3713
Inner North,Hackett,2016,3012
Inner North,Lyneham,2016,5299
Inner North,O'Connor,2016,5675
Inner North,Turner,2016,4144
Inner North,Watson,2016,5955
Inner North,Black Mountain,2016,0
Inner North,Campbell,2016,3312
Inner North,Duntroon,2016,1809
Inner North,Reid,2016,1704
Inner North,Russell,2016,3
Inner South,Deakin,2016,2941
Inner South,Forrest,2016,1713
Inner South,Griffith,2016,4661
Inner South,Narrabundah,2016,6038
Inner South,Red Hill,2016,3250
Inner South,Yarralumla,2016,3026
Inner South,Barton,2016,1491
Inner South,Fyshwick,2016,59
Inner South,Kingston,2016,4569
Tuggeranong,Banks,2016,4994
Tuggeranong,Bonython,2016,3850
Tuggeranong,Calwell,2016,5826
Tuggeranong,Chisholm,2016,5199
Tuggeranong,Conder,2016,5081
Tuggeranong,Fadden,2016,2967
Tuggeranong,Gilmore,2016,2780
Tuggeranong,Gordon,2016,7635
Tuggeranong,Gowrie,2016,3091
Tuggeranong,Greenway,2016,1937
Tuggeranong,Isabella Plains,2016,4412
Tuggeranong,Kambah,2016,15038
Tuggeranong,Macarthur,2016,1453
Tuggeranong,Monash,2016,5462
Tuggeranong,Oxley,2016,1722
Tuggeranong,Richardson,2016,3057
Tuggeranong,Theodore,2016,3823
Tuggeranong,Wanniassa,2016,7563
Weston Creek,Chapman,2016,2727
Weston Creek,Duffy,2016,3208
Weston Creek,Fisher,2016,3018
Weston Creek,Holder,2016,2643
Weston Creek,Rivett,2016,3212
Weston Creek,Stirling,2016,2158
Weston Creek,Waramanga,2016,2682
Weston Creek,Weston,2016,3628
Woden,Chifley,2016,2471
Woden,Curtin,2016,5325
Woden,Farrer,2016,3279
Woden,Garran,2016,3546
Woden,Hughes,2016,3018
Woden,Isaacs,2016,2393
Woden,Lyons,2016,3125
Woden,Mawson,2016,3309
Woden,O'Malley,2016,1040
Woden,Pearce,2016,2610
Woden,Phillip,2016,3059
Woden,Torrens,2016,2213
Molonglo District,Coombs,2016,1811
Molonglo District,Molonglo,2016,0
Molonglo District,Wright,2016,2768
Inner South,Parkes & Capital Hill,2016,9
Belconnen,Aranda,2017,2485
Belconnen,Belconnen,2017,7331
Belconnen,Bruce,2017,7415
Belconnen,Charnwood,2017,2989
Belconnen,Cook,2017,2902
Belconnen,Dunlop,2017,7275
Belconnen,Evatt,2017,5435
Belconnen,Florey,2017,4856
Belconnen,Flynn,2017,3416
Belconnen,Fraser,2017,2027
Belconnen,Giralang,2017,3351
Belconnen,Hawker,2017,2985
Belconnen,Higgins,2017,3110
Belconnen,Holt,2017,4717
Belconnen,Kaleen,2017,7494
Belconnen,Latham,2017,3667
Belconnen,Lawson,2017,902
Belconnen,Macgregor,2017,6989
Belconnen,Macquarie,2017,2832
Belconnen,McKellar,2017,2791
Belconnen,Melba,2017,3192
Belconnen,Page,2017,3121
Belconnen,Scullin,2017,2994
Belconnen,Spence,2017,2577
Belconnen,Weetangera,2017,2679
Inner North,Majura,2017,197
Gungahlin,Amaroo,2017,5816
Gungahlin,Bonner,2017,7101
Gungahlin,Casey,2017,6187
Gungahlin,Crace,2017,4817
Gungahlin,Forde,2017,4460
Gungahlin,Franklin,2017,7085
Gungahlin,Gungahlin,2017,6639
Gungahlin,Hall,2017,284
Gungahlin,Harrison,2017,8364
Gungahlin,Mitchell,2017,5
Gungahlin,Ngunnawal,2017,10972
Gungahlin,Nicholls,2017,6906
Gungahlin,Palmerston,2017,5644
Gungahlin,Kenny,2017,11
Inner North,Acton,2017,2266
Inner North,Ainslie,2017,5355
Inner North,Braddon,2017,5821
Inner North,Civic,2017,4851
Inner North,Dickson,2017,2409
Inner North,Downer,2017,3835
Inner North,Hackett,2017,3037
Inner North,Lyneham,2017,5462
Inner North,O'Connor,2017,5759
Inner North,Turner,2017,4190
Inner North,Watson,2017,6079
Inner North,Black Mountain,2017,0
Inner North,Campbell,2017,3526
Inner North,Duntroon,2017,1922
Inner North,Reid,2017,1665
Inner North,Russell,2017,3
Inner South,Deakin,2017,2989
Inner South,Forrest,2017,1716
Inner South,Griffith,2017,4840
Inner South,Narrabundah,2017,6156
Inner South,Red Hill,2017,3237
Inner South,Yarralumla,2017,3054
Inner South,Barton,2017,1576
Inner South,Fyshwick,2017,59
Inner South,Kingston,2017,5357
Tuggeranong,Banks,2017,4999
Tuggeranong,Bonython,2017,3849
Tuggeranong,Calwell,2017,5823
Tuggeranong,Chisholm,2017,5199
Tuggeranong,Conder,2017,5057
Tuggeranong,Fadden,2017,2957
Tuggeranong,Gilmore,2017,2766
Tuggeranong,Gordon,2017,7667
Tuggeranong,Gowrie,2017,3092
Tuggeranong,Greenway,2017,2239
Tuggeranong,Isabella Plains,2017,4389
Tuggeranong,Kambah,2017,15140
Tuggeranong,Macarthur,2017,1447
Tuggeranong,Monash,2017,5496
Tuggeranong,Oxley,2017,1712
Tuggeranong,Richardson,2017,3045
Tuggeranong,Theodore,2017,3809
Tuggeranong,Wanniassa,2017,7619
Weston Creek,Chapman,2017,2735
Weston Creek,Duffy,2017,3241
Weston Creek,Fisher,2017,3048
Weston Creek,Holder,2017,2666
Weston Creek,Rivett,2017,3218
Weston Creek,Stirling,2017,2162
Weston Creek,Waramanga,2017,2678
Weston Creek,Weston,2017,3708
Woden,Chifley,2017,2497
Woden,Curtin,2017,5373
Woden,Farrer,2017,3394
Woden,Garran,2017,3621
Woden,Hughes,2017,3064
Woden,Isaacs,2017,2402
Woden,Lyons,2017,3187
Woden,Mawson,2017,3348
Woden,O'Malley,2017,1028
Woden,Pearce,2017,2625
Woden,Phillip,2017,3503
Woden,Torrens,2017,2245
Molonglo District,Coombs,2017,2605
Molonglo District,Molonglo,2017,0
Molonglo District,Wright,2017,3184
Inner South,Parkes & Capital Hill,2017,8
Belconnen,Aranda,2018,2502
Belconnen,Belconnen,2018,7882
Belconnen,Bruce,2018,7653
Belconnen,Charnwood,2018,2959
Belconnen,Cook,2018,2888
Belconnen,Dunlop,2018,7243
Belconnen,Evatt,2018,5479
Belconnen,Florey,2018,4836
Belconnen,Flynn,2018,3427
Belconnen,Fraser,2018,2028
Belconnen,Giralang,2018,3342
Belconnen,Hawker,2018,3001
Belconnen,Higgins,2018,3127
Belconnen,Holt,2018,4847
Belconnen,Kaleen,2018,7501
Belconnen,Latham,2018,3671
Belconnen,Lawson,2018,2023
Belconnen,Macgregor,2018,7036
Belconnen,Macquarie,2018,2905
Belconnen,McKellar,2018,2768
Belconnen,Melba,2018,3226
Belconnen,Page,2018,3128
Belconnen,Scullin,2018,3057
Belconnen,Spence,2018,2561
Belconnen,Weetangera,2018,2695
Inner North,Majura,2018,219
Gungahlin,Amaroo,2018,5868
Gungahlin,Bonner,2018,7232
Gungahlin,Casey,2018,6268
Gungahlin,Crace,2018,4916
Gungahlin,Forde,2018,4501
Gungahlin,Franklin,2018,7341
Gungahlin,Gungahlin,2018,7063
Gungahlin,Hall,2018,296
Gungahlin,Harrison,2018,8576
Gungahlin,Mitchell,2018,6
Gungahlin,Ngunnawal,2018,11132
Gungahlin,Nicholls,2018,6828
Gungahlin,Palmerston,2018,5623
Gungahlin,Kenny,2018,13
Inner North,Acton,2018,2423
Inner North,Ainslie,2018,5424
Inner North,Braddon,2018,6012
Inner North,Civic,2018,4912
Inner North,Dickson,2018,2566
Inner North,Downer,2018,3951
Inner North,Hackett,2018,3115
Inner North,Lyneham,2018,5609
Inner North,O'Connor,2018,5846
Inner North,Turner,2018,4229
Inner North,Watson,2018,6193
Inner North,Black Mountain,2018,0
Inner North,Campbell,2018,3740
Inner North,Duntroon,2018,2018
Inner North,Reid,2018,1635
Inner North,Russell,2018,3
Inner South,Deakin,2018,3020
Inner South,Forrest,2018,1779
Inner South,Griffith,2018,5022
Inner South,Narrabundah,2018,6260
Inner South,Red Hill,2018,3190
Inner South,Yarralumla,2018,3075
Inner South,Barton,2018,1666
Inner South,Fyshwick,2018,58
Inner South,Kingston,2018,5779
Tuggeranong,Banks,2018,5002
Tuggeranong,Bonython,2018,3850
Tuggeranong,Calwell,2018,5827
Tuggeranong,Chisholm,2018,5193
Tuggeranong,Conder,2018,5031
Tuggeranong,Fadden,2018,2942
Tuggeranong,Gilmore,2018,2749
Tuggeranong,Gordon,2018,7691
Tuggeranong,Gowrie,2018,3085
Tuggeranong,Greenway,2018,2780
Tuggeranong,Isabella Plains,2018,4368
Tuggeranong,Kambah,2018,15204
Tuggeranong,Macarthur,2018,1435
Tuggeranong,Monash,2018,5517
Tuggeranong,Oxley,2018,1691
Tuggeranong,Richardson,2018,3034
Tuggeranong,Theodore,2018,3788
Tuggeranong,Wanniassa,2018,7659
Weston Creek,Chapman,2018,2740
Weston Creek,Duffy,2018,3244
Weston Creek,Fisher,2018,3076
Weston Creek,Holder,2018,2685
Weston Creek,Rivett,2018,3228
Weston Creek,Stirling,2018,2162
Weston Creek,Waramanga,2018,2644
Weston Creek,Weston,2018,3796
Woden,Chifley,2018,2524
Woden,Curtin,2018,5414
Woden,Farrer,2018,3493
Woden,Garran,2018,3691
Woden,Hughes,2018,3098
Woden,Isaacs,2018,2411
Woden,Lyons,2018,3243
Woden,Mawson,2018,3386
Woden,O'Malley,2018,1008
Woden,Pearce,2018,2626
Woden,Phillip,2018,3927
Woden,Torrens,2018,2272
Molonglo District,Coombs,2018,3180
Molonglo District,Molonglo,2018,0
Molonglo District,Wright,2018,3411
Inner South,Parkes & Capital Hill,2018,8
Belconnen,Aranda,2019,2544
Belconnen,Belconnen,2019,8306
Belconnen,Bruce,2019,7843
Belconnen,Charnwood,2019,3038
Belconnen,Cook,2019,2912
Belconnen,Dunlop,2019,7259
Belconnen,Evatt,2019,5487
Belconnen,Florey,2019,4798
Belconnen,Flynn,2019,3505
Belconnen,Fraser,2019,2040
Belconnen,Giralang,2019,3309
Belconnen,Hawker,2019,2976
Belconnen,Higgins,2019,3180
Belconnen,Holt,2019,5117
Belconnen,Kaleen,2019,7542
Belconnen,Latham,2019,3638
Belconnen,Lawson,2019,2325
Belconnen,Macgregor,2019,7057
Belconnen,Macquarie,2019,2963
Belconnen,McKellar,2019,2763
Belconnen,Melba,2019,3259
Belconnen,Page,2019,3119
Belconnen,Scullin,2019,3014
Belconnen,Spence,2019,2573
Belconnen,Weetangera,2019,2724
Inner North,Majura,2019,235
Gungahlin,Amaroo,2019,5919
Gungahlin,Bonner,2019,7297
Gungahlin,Casey,2019,6385
Gungahlin,Crace,2019,4907
Gungahlin,Forde,2019,4504
Gungahlin,Franklin,2019,7462
Gungahlin,Gungahlin,2019,7595
Gungahlin,Hall,2019,275
Gungahlin,Harrison,2019,8619
Gungahlin,Mitchell,2019,6
Gungahlin,Ngunnawal,2019,11165
Gungahlin,Nicholls,2019,6731
Gungahlin,Palmerston,2019,5613
Gungahlin,Kenny,2019,14
Inner North,Acton,2019,2604
Inner North,Ainslie,2019,5423
Inner North,Braddon,2019,6039
Inner North,Civic,2019,4942
Inner North,Dickson,2019,2949
Inner North,Downer,2019,4101
Inner North,Hackett,2019,3150
Inner North,Lyneham,2019,5663
Inner North,O'Connor,2019,5980
Inner North,Turner,2019,4392
Inner North,Watson,2019,6313
Inner North,Black Mountain,2019,0
Inner North,Campbell,2019,4021
Inner North,Duntroon,2019,2068
Inner North,Reid,2019,1584
Inner North,Russell,2019,0
Inner South,Deakin,2019,3057
Inner South,Forrest,2019,1783
Inner South,Griffith,2019,5187
Inner South,Narrabundah,2019,6295
Inner South,Red Hill,2019,3208
Inner South,Yarralumla,2019,3090
Inner South,Barton,2019,1793
Inner South,Fyshwick,2019,58
Inner South,Kingston,2019,6101
Tuggeranong,Banks,2019,5030
Tuggeranong,Bonython,2019,3829
Tuggeranong,Calwell,2019,5763
Tuggeranong,Chisholm,2019,5206
Tuggeranong,Conder,2019,5006
Tuggeranong,Fadden,2019,2970
Tuggeranong,Gilmore,2019,2716
Tuggeranong,Gordon,2019,7692
Tuggeranong,Gowrie,2019,3085
Tuggeranong,Greenway,2019,3192
Tuggeranong,Isabella Plains,2019,4371
Tuggeranong,Kambah,2019,15421
Tuggeranong,Macarthur,2019,1411
Tuggeranong,Monash,2019,5532
Tuggeranong,Oxley,2019,1706
Tuggeranong,Richardson,2019,3040
Tuggeranong,Theodore,2019,3783
Tuggeranong,Wanniassa,2019,7697
Weston Creek,Chapman,2019,2791
Weston Creek,Duffy,2019,3274
Weston Creek,Fisher,2019,3110
Weston Creek,Holder,2019,2743
Weston Creek,Rivett,2019,3278
Weston Creek,Stirling,2019,2151
Weston Creek,Waramanga,2019,2668
Weston Creek,Weston,2019,3861
Woden,Chifley,2019,2576
Woden,Curtin,2019,5445
Woden,Farrer,2019,3584
Woden,Garran,2019,3688
Woden,Hughes,2019,3152
Woden,Isaacs,2019,2394
Woden,Lyons,2019,3272
Woden,Mawson,2019,3395
Woden,O'Malley,2019,987
Woden,Pearce,2019,2619
Woden,Phillip,2019,4292
Woden,Torrens,2019,2307
Molonglo District,Coombs,2019,3779
Molonglo District,Molonglo,2019,0
Molonglo District,Wright,2019,3454
Inner South,Parkes & Capital Hill,2019,4
Belconnen,Aranda,2020,2588
Belconnen,Belconnen,2020,8342
Belconnen,Bruce,2020,7703
Belconnen,Charnwood,2020,3002
Belconnen,Cook,2020,2913
Belconnen,Dunlop,2020,7241
Belconnen,Evatt,2020,5475
Belconnen,Florey,2020,4801
Belconnen,Flynn,2020,3554
Belconnen,Fraser,2020,2083
Belconnen,Giralang,2020,3336
Belconnen,Hawker,2020,3029
Belconnen,Higgins,2020,3237
Belconnen,Holt,2020,5354
Belconnen,Kaleen,2020,7613
Belconnen,Latham,2020,3687
Belconnen,Lawson,2020,2545
Belconnen,Macgregor,2020,7094
Belconnen,Macquarie,2020,3006
Belconnen,McKellar,2020,2768
Belconnen,Melba,2020,3308
Belconnen,Page,2020,3094
Belconnen,Scullin,2020,3033
Belconnen,Spence,2020,2553
Belconnen,Weetangera,2020,2748
Inner North,Majura,2020,271
Gungahlin,Amaroo,2020,5997
Gungahlin,Bonner,2020,7362
Gungahlin,Casey,2020,6447
Gungahlin,Crace,2020,4882
Gungahlin,Forde,2020,4489
Gungahlin,Franklin,2020,7529
Gungahlin,Gungahlin,2020,8101
Gungahlin,Hall,2020,304
Gungahlin,Harrison,2020,8538
Gungahlin,Mitchell,2020,7
Gungahlin,Ngunnawal,2020,11074
Gungahlin,Nicholls,2020,6706
Gungahlin,Palmerston,2020,5611
Gungahlin,Kenny,2020,16
Inner North,Acton,2020,2737
Inner North,Ainslie,2020,5332
Inner North,Braddon,2020,6331
Inner North,Civic,2020,5079
Inner North,Dickson,2020,3167
Inner North,Downer,2020,4165
Inner North,Hackett,2020,3197
Inner North,Lyneham,2020,5677
Inner North,O'Connor,2020,5974
Inner North,Turner,2020,4460
Inner North,Watson,2020,6467
Inner North,Black Mountain,2020,0
Inner North,Campbell,2020,4362
Inner North,Duntroon,2020,2059
Inner North,Reid,2020,1567
Inner North,Russell,2020,0
Inner South,Deakin,2020,3074
Inner South,Forrest,2020,1804
Inner South,Griffith,2020,5325
Inner South,Narrabundah,2020,6430
Inner South,Red Hill,2020,3193
Inner South,Yarralumla,2020,3101
Inner South,Barton,2020,1860
Inner South,Fyshwick,2020,58
Inner South,Kingston,2020,6242
Tuggeranong,Banks,2020,5017
Tuggeranong,Bonython,2020,3859
Tuggeranong,Calwell,2020,5734
Tuggeranong,Chisholm,2020,5205
Tuggeranong,Conder,2020,5065
Tuggeranong,Fadden,2020,2986
Tuggeranong,Gilmore,2020,2715
Tuggeranong,Gordon,2020,7809
Tuggeranong,Gowrie,2020,3107
Tuggeranong,Greenway,2020,3605
Tuggeranong,Isabella Plains,2020,4340
Tuggeranong,Kambah,2020,15605
Tuggeranong,Macarthur,2020,1413
Tuggeranong,Monash,2020,5566
Tuggeranong,Oxley,2020,1685
Tuggeranong,Richardson,2020,3062
Tuggeranong,Theodore,2020,3740
Tuggeranong,Wanniassa,2020,7761
Weston Creek,Chapman,2020,2848
Weston Creek,Duffy,2020,3322
Weston Creek,Fisher,2020,3119
Weston Creek,Holder,2020,2781
Weston Creek,Rivett,2020,3305
Weston Creek,Stirling,2020,2166
Weston Creek,Waramanga,2020,2721
Weston Creek,Weston,2020,3928
Woden,Chifley,2020,2639
Woden,Curtin,2020,5513
Woden,Farrer,2020,3682
Woden,Garran,2020,3778
Woden,Hughes,2020,3177
Woden,Isaacs,2020,2366
Woden,Lyons,2020,3279
Woden,Mawson,2020,3490
Woden,O'Malley,2020,960
Woden,Pearce,2020,2707
Woden,Phillip,2020,4750
Woden,Torrens,2020,2347
Molonglo District,Coombs,2020,4302
Molonglo District,Molonglo,2020,0
Molonglo District,Wright,2020,3623
Inner South,Parkes & Capital Hill,2020,4
Belconnen,Aranda,2021,2583
Belconnen,Belconnen,2021,8545
Belconnen,Bruce,2021,7543
Belconnen,Charnwood,2021,3042
Belconnen,Cook,2021,2938
Belconnen,Dunlop,2021,7246
Belconnen,Evatt,2021,5494
Belconnen,Florey,2021,4766
Belconnen,Flynn,2021,3640
Belconnen,Fraser,2021,2114
Belconnen,Giralang,2021,3352
Belconnen,Hawker,2021,2994
Belconnen,Higgins,2021,3298
Belconnen,Holt,2021,5599
Belconnen,Kaleen,2021,7638
Belconnen,Latham,2021,3742
Belconnen,Lawson,2021,2741
Belconnen,Macgregor,2021,7022
Belconnen,Macquarie,2021,3086
Belconnen,McKellar,2021,2713
Belconnen,Melba,2021,3364
Belconnen,Page,2021,3024
Belconnen,Scullin,2021,3050
Belconnen,Spence,2021,2561
Belconnen,Weetangera,2021,2777
Inner North,Majura,2021,295
Gungahlin,Amaroo,2021,6108
Gungahlin,Bonner,2021,7351
Gungahlin,Casey,2021,6468
Gungahlin,Crace,2021,4775
Gungahlin,Forde,2021,4420
Gungahlin,Franklin,2021,7513
Gungahlin,Gungahlin,2021,8607
Gungahlin,Hall,2021,299
Gungahlin,Harrison,2021,8273
Gungahlin,Mitchell,2021,8
Gungahlin,Ngunnawal,2021,10985
Gungahlin,Nicholls,2021,6647
Gungahlin,Palmerston,2021,5549
Gungahlin,Kenny,2021,18
Inner North,Acton,2021,2861
Inner North,Ainslie,2021,5348
Inner North,Braddon,2021,6425
Inner North,Civic,2021,4900
Inner North,Dickson,2021,3285
Inner North,Downer,2021,4286
Inner North,Hackett,2021,3213
Inner North,Lyneham,2021,5677
Inner North,O'Connor,2021,5903
Inner North,Turner,2021,4467
Inner North,Watson,2021,6707
Inner North,Black Mountain,2021,0
Inner North,Campbell,2021,4570
Inner North,Duntroon,2021,1985
Inner North,Reid,2021,1533
Inner North,Russell,2021,0
Inner South,Deakin,2021,3102
Inner South,Forrest,2021,1824
Inner South,Griffith,2021,5320
Inner South,Narrabundah,2021,6434
Inner South,Red Hill,2021,3128
Inner South,Yarralumla,2021,3094
Inner South,Barton,2021,1950
Inner South,Fyshwick,2021,59
Inner South,Kingston,2021,6583
Tuggeranong,Banks,2021,5086
Tuggeranong,Bonython,2021,3821
Tuggeranong,Calwell,2021,5698
Tuggeranong,Chisholm,2021,5236
Tuggeranong,Conder,2021,5079
Tuggeranong,Fadden,2021,2975
Tuggeranong,Gilmore,2021,2685
Tuggeranong,Gordon,2021,7873
Tuggeranong,Gowrie,2021,3117
Tuggeranong,Greenway,2021,4102
Tuggeranong,Isabella Plains,2021,4309
Tuggeranong,Kambah,2021,15674
Tuggeranong,Macarthur,2021,1398
Tuggeranong,Monash,2021,5586
Tuggeranong,Oxley,2021,1690
Tuggeranong,Richardson,2021,3040
Tuggeranong,Theodore,2021,3774
Tuggeranong,Wanniassa,2021,7861
Weston Creek,Chapman,2021,2845
Weston Creek,Duffy,2021,3377
Weston Creek,Fisher,2021,3209
Weston Creek,Holder,2021,2799
Weston Creek,Rivett,2021,3329
Weston Creek,Stirling,2021,2174
Weston Creek,Waramanga,2021,2772
Weston Creek,Weston,2021,3982
Woden,Chifley,2021,2663
Woden,Curtin,2021,5538
Woden,Farrer,2021,3763
Woden,Garran,2021,3686
Woden,Hughes,2021,3195
Woden,Isaacs,2021,2353
Woden,Lyons,2021,3253
Woden,Mawson,2021,3426
Woden,O'Malley,2021,927
Woden,Pearce,2021,2672
Woden,Phillip,2021,5197
Woden,Torrens,2021,2406
Molonglo District,Coombs,2021,4841
Molonglo District,Molonglo,2021,0
Molonglo District,Wright,2021,3802
Inner South,Parkes & Capital Hill,2021,4
Belconnen,Aranda,2022,2578
Belconnen,Belconnen,2022,8893
Belconnen,Bruce,2022,7665
Belconnen,Charnwood,2022,3030
Belconnen,Cook,2022,2928
Belconnen,Dunlop,2022,7341
Belconnen,Evatt,2022,5496
Belconnen,Florey,2022,4734
Belconnen,Flynn,2022,3680
Belconnen,Fraser,2022,2125
Belconnen,Giralang,2022,3323
Belconnen,Hawker,2022,3014
Belconnen,Higgins,2022,3303
Belconnen,Holt,2022,5773
Belconnen,Kaleen,2022,7649
Belconnen,Latham,2022,3780
Belconnen,Lawson,2022,2844
Belconnen,Macgregor,2022,7017
Belconnen,Macquarie,2022,3084
Belconnen,McKellar,2022,2703
Belconnen,Melba,2022,3343
Belconnen,Page,2022,3013
Belconnen,Scullin,2022,3100
Belconnen,Spence,2022,2546
Belconnen,Weetangera,2022,2811
Inner North,Majura,2022,288
Gungahlin,Amaroo,2022,6099
Gungahlin,Bonner,2022,7417
Gungahlin,Casey,2022,6582
Gungahlin,Crace,2022,4801
Gungahlin,Forde,2022,4469
Gungahlin,Franklin,2022,7512
Gungahlin,Gungahlin,2022,8820
Gungahlin,Hall,2022,298
Gungahlin,Harrison,2022,8190
Gungahlin,Mitchell,2022,8
Gungahlin,Ngunnawal,2022,11067
Gungahlin,Nicholls,2022,6613
Gungahlin,Palmerston,2022,5509
Gungahlin,Kenny,2022,18
Inner North,Acton,2022,3067
Inner North,Ainslie,2022,5335
Inner North,Braddon,2022,6862
Inner North,Civic,2022,5071
Inner North,Dickson,2022,3528
Inner North,Downer,2022,4369
Inner North,Hackett,2022,3263
Inner North,Lyneham,2022,5727
Inner North,O'Connor,2022,5902
Inner North,Turner,2022,4605
Inner North,Watson,2022,6921
Inner North,Black Mountain,2022,0
Inner North,Campbell,2022,4924
Inner North,Duntroon,2022,2087
Inner North,Reid,2022,1793
Inner North,Russell,2022,0
Inner South,Deakin,2022,3170
Inner South,Forrest,2022,1899
Inner South,Griffith,2022,5390
Inner South,Narrabundah,2022,6605
Inner South,Red Hill,2022,3256
Inner South,Yarralumla,2022,3124
Inner South,Barton,2022,2029
Inner South,Fyshwick,2022,59
Inner South,Kingston,2022,7044
Tuggeranong,Banks,2022,5044
Tuggeranong,Bonython,2022,3800
Tuggeranong,Calwell,2022,5700
Tuggeranong,Chisholm,2022,5235
Tuggeranong,Conder,2022,5055
Tuggeranong,Fadden,2022,3008
Tuggeranong,Gilmore,2022,2703
Tuggeranong,Gordon,2022,7882
Tuggeranong,Gowrie,2022,3100
Tuggeranong,Greenway,2022,4500
Tuggeranong,Isabella Plains,2022,4318
Tuggeranong,Kambah,2022,15846
Tuggeranong,Macarthur,2022,1379
Tuggeranong,Monash,2022,5595
Tuggeranong,Oxley,2022,1695
Tuggeranong,Richardson,2022,3048
Tuggeranong,Theodore,2022,3769
Tuggeranong,Wanniassa,2022,7864
Weston Creek,Chapman,2022,2859
Weston Creek,Duffy,2022,3440
Weston Creek,Fisher,2022,3295
Weston Creek,Holder,2022,2839
Weston Creek,Rivett,2022,3342
Weston Creek,Stirling,2022,2150
Weston Creek,Waramanga,2022,2754
Weston Creek,Weston,2022,3960
Woden,Chifley,2022,2645
Woden,Curtin,2022,5540
Woden,Farrer,2022,3818
Woden,Garran,2022,3760
Woden,Hughes,2022,3191
Woden,Isaacs,2022,2362
Woden,Lyons,2022,3254
Woden,Mawson,2022,3431
Woden,O'Malley,2022,952
Woden,Pearce,2022,2702
Woden,Phillip,2022,5516
Woden,Torrens,2022,2416
Molonglo District,Coombs,2022,5093
Molonglo District,Molonglo,2022,0
Molonglo District,Wright,2022,4062
Inner South,Parkes & Capital Hill,2022,4
Belconnen,Aranda,2023,2601
Belconnen,Belconnen,2023,9325
Belconnen,Bruce,2023,7913
Belconnen,Charnwood,2023,3062
Belconnen,Cook,2023,2946
Belconnen,Dunlop,2023,7419
Belconnen,Evatt,2023,5525
Belconnen,Florey,2023,4747
Belconnen,Flynn,2023,3686
Belconnen,Fraser,2023,2124
Belconnen,Giralang,2023,3350
Belconnen,Hawker,2023,3003
Belconnen,Higgins,2023,3293
Belconnen,Holt,2023,5905
Belconnen,Kaleen,2023,7722
Belconnen,Latham,2023,3777
Belconnen,Lawson,2023,2886
Belconnen,Macgregor,2023,7026
Belconnen,Macquarie,2023,3166
Belconnen,McKellar,2023,2684
Belconnen,Melba,2023,3401
Belconnen,Page,2023,3049
Belconnen,Scullin,2023,3105
Belconnen,Spence,2023,2562
Belconnen,Weetangera,2023,2844
Inner North,Majura,2023,282
Gungahlin,Amaroo,2023,6098
Gungahlin,Bonner,2023,7427
Gungahlin,Casey,2023,6635
Gungahlin,Crace,2023,4827
Gungahlin,Forde,2023,4478
Gungahlin,Franklin,2023,7524
Gungahlin,Gungahlin,2023,8960
Gungahlin,Hall,2023,298
Gungahlin,Harrison,2023,8245
Gungahlin,Mitchell,2023,8
Gungahlin,Ngunnawal,2023,11111
Gungahlin,Nicholls,2023,6625
Gungahlin,Palmerston,2023,5525
Gungahlin,Kenny,2023,18
Inner North,Acton,2023,3307
Inner North,Ainslie,2023,5395
Inner North,Braddon,2023,7179
Inner North,Civic,2023,5301
Inner North,Dickson,2023,3792
Inner North,Downer,2023,4484
Inner North,Hackett,2023,3289
Inner North,Lyneham,2023,5823
Inner North,O'Connor,2023,5914
Inner North,Turner,2023,4767
Inner North,Watson,2023,7134
Inner North,Black Mountain,2023,0
Inner North,Campbell,2023,5107
Inner North,Duntroon,2023,2249
Inner North,Reid,2023,1897
Inner North,Russell,2023,0
Inner South,Deakin,2023,3213
Inner South,Forrest,2023,1910
Inner South,Griffith,2023,5466
Inner South,Narrabundah,2023,6814
Inner South,Red Hill,2023,3447
Inner South,Yarralumla,2023,3132
Inner South,Barton,2023,2083
Inner South,Fyshwick,2023,59
Inner South,Kingston,2023,7360
Tuggeranong,Banks,2023,5068
Tuggeranong,Bonython,2023,3820
Tuggeranong,Calwell,2023,5648
Tuggeranong,Chisholm,2023,5242
Tuggeranong,Conder,2023,5002
Tuggeranong,Fadden,2023,3002
Tuggeranong,Gilmore,2023,2685
Tuggeranong,Gordon,2023,7852
Tuggeranong,Gowrie,2023,3141
Tuggeranong,Greenway,2023,4993
Tuggeranong,Isabella Plains,2023,4311
Tuggeranong,Kambah,2023,15855
Tuggeranong,Macarthur,2023,1391
Tuggeranong,Monash,2023,5609
Tuggeranong,Oxley,2023,1706
Tuggeranong,Richardson,2023,3052
Tuggeranong,Theodore,2023,3786
Tuggeranong,Wanniassa,2023,7794
Weston Creek,Chapman,2023,2892
Weston Creek,Duffy,2023,3466
Weston Creek,Fisher,2023,3315
Weston Creek,Holder,2023,2874
Weston Creek,Rivett,2023,3376
Weston Creek,Stirling,2023,2163
Weston Creek,Waramanga,2023,2778
Weston Creek,Weston,2023,3996
Woden,Chifley,2023,2692
Woden,Curtin,2023,5547
Woden,Farrer,2023,3830
Woden,Garran,2023,3774
Woden,Hughes,2023,3199
Woden,Isaacs,2023,2367
Woden,Lyons,2023,3291
Woden,Mawson,2023,3451
Woden,O'Malley,2023,965
Woden,Pearce,2023,2712
Woden,Phillip,2023,5645
Woden,Torrens,2023,2451
Molonglo District,Coombs,2023,5528
Molonglo District,Molonglo,2023,0
Molonglo District,Wright,2023,4252
Inner South,Parkes & Capital Hill,2023,218
Belconnen,Aranda,2024,2602
Belconnen,Belconnen,2024,9480
Belconnen,Bruce,2024,8082
Belconnen,Charnwood,2024,3046
Belconnen,Cook,2024,2931
Belconnen,Dunlop,2024,7336
Belconnen,Evatt,2024,5508
Belconnen,Florey,2024,4749
Belconnen,Flynn,2024,3705
Belconnen,Fraser,2024,2096
Belconnen,Giralang,2024,3372
Belconnen,Hawker,2024,3010
Belconnen,Higgins,2024,3308
Belconnen,Holt,2024,6024
Belconnen,Kaleen,2024,7729
Belconnen,Latham,2024,3765
Belconnen,Lawson,2024,2908
Belconnen,Macgregor,2024,6990
Belconnen,Macquarie,2024,3177
Belconnen,McKellar,2024,2652
Belconnen,Melba,2024,3405
Belconnen,Page,2024,3011
Belconnen,Scullin,2024,3065
Belconnen,Spence,2024,2547
Belconnen,Weetangera,2024,2869
Inner North,Majura,2024,270
Gungahlin,Amaroo,2024,6000
Gungahlin,Bonner,2024,7407
Gungahlin,Casey,2024,6700
Gungahlin,Crace,2024,4834
Gungahlin,Forde,2024,4436
Gungahlin,Franklin,2024,7513
Gungahlin,Gungahlin,2024,9259
Gungahlin,Hall,2024,300
Gungahlin,Harrison,2024,8123
Gungahlin,Mitchell,2024,8
Gungahlin,Ngunnawal,2024,11144
Gungahlin,Nicholls,2024,6552
Gungahlin,Palmerston,2024,5529
Gungahlin,Kenny,2024,18
Inner North,Acton,2024,3420
Inner North,Ainslie,2024,5404
Inner North,Braddon,2024,7391
Inner North,Civic,2024,5364
Inner North,Dickson,2024,4054
Inner North,Downer,2024,4547
Inner North,Hackett,2024,3318
Inner North,Lyneham,2024,5957
Inner North,O'Connor,2024,5905
Inner North,Turner,2024,4806
Inner North,Watson,2024,7238
Inner North,Black Mountain,2024,0
Inner North,Campbell,2024,5317
Inner North,Duntroon,2024,2337
Inner North,Reid,2024,1981
Inner North,Russell,2024,0
Inner South,Deakin,2024,3204
Inner South,Forrest,2024,1914
Inner South,Griffith,2024,5757
Inner South,Narrabundah,2024,6954
Inner South,Red Hill,2024,3581
Inner South,Yarralumla,2024,3127
Inner South,Barton,2024,2055
Inner South,Fyshwick,2024,59
Inner South,Kingston,2024,7465
Tuggeranong,Banks,2024,5049
Tuggeranong,Bonython,2024,3743
Tuggeranong,Calwell,2024,5588
Tuggeranong,Chisholm,2024,5251
Tuggeranong,Conder,2024,4946
Tuggeranong,Fadden,2024,2995
Tuggeranong,Gilmore,2024,2684
Tuggeranong,Gordon,2024,7834
Tuggeranong,Gowrie,2024,3120
Tuggeranong,Greenway,2024,5453
Tuggeranong,Isabella Plains,2024,4320
Tuggeranong,Kambah,2024,15818
Tuggeranong,Macarthur,2024,1392
Tuggeranong,Monash,2024,5612
Tuggeranong,Oxley,2024,1694
Tuggeranong,Richardson,2024,3027
Tuggeranong,Theodore,2024,3759
Tuggeranong,Wanniassa,2024,7772
Weston Creek,Chapman,2024,2894
Weston Creek,Duffy,2024,3457
Weston Creek,Fisher,2024,3338
Weston Creek,Holder,2024,2886
Weston Creek,Rivett,2024,3409
Weston Creek,Stirling,2024,2169
Weston Creek,Waramanga,2024,2761
Weston Creek,Weston,2024,4003
Woden,Chifley,2024,2736
Woden,Curtin,2024,5548
Woden,Farrer,2024,3775
Woden,Garran,2024,3750
Woden,Hughes,2024,3170
Woden,Isaacs,2024,2370
Woden,Lyons,2024,3309
Woden,Mawson,2024,3511
Woden,O'Malley,2024,965
Woden,Pearce,2024,2726
Woden,Phillip,2024,6556
Woden,Torrens,2024,2441
Molonglo District,Coombs,2024,5914
Molonglo District,Molonglo,2024,0
Molonglo District,Wright,2024,4423
Inner South,Parkes & Capital Hill,2024,292
Belconnen,Aranda,2025,2643
Belconnen,Belconnen,2025,9592
Belconnen,Bruce,2025,8119
Belconnen,Charnwood,2025,3078
Belconnen,Cook,2025,2962
Belconnen,Dunlop,2025,7282
Belconnen,Evatt,2025,5549
Belconnen,Florey,2025,4768
Belconnen,Flynn,2025,3710
Belconnen,Fraser,2025,2139
Belconnen,Giralang,2025,3456
Belconnen,Hawker,2025,3007
Belconnen,Higgins,2025,3363
Belconnen,Holt,2025,6047
Belconnen,Kaleen,2025,7776
Belconnen,Latham,2025,3763
Belconnen,Lawson,2025,2913
Belconnen,Macgregor,2025,6975
Belconnen,Macquarie,2025,3231
Belconnen,McKellar,2025,2619
Belconnen,Melba,2025,3424
Belconnen,Page,2025,2991
Belconnen,Scullin,2025,3052
Belconnen,Spence,2025,2535
Belconnen,Weetangera,2025,2848
Inner North,Majura,2025,263
Gungahlin,Amaroo,2025,5985
Gungahlin,Bonner,2025,7448
Gungahlin,Casey,2025,6731
Gungahlin,Crace,2025,4821
Gungahlin,Forde,2025,4457
Gungahlin,Franklin,2025,7520
Gungahlin,Gungahlin,2025,9555
Gungahlin,Hall,2025,291
Gungahlin,Harrison,2025,8023
Gungahlin,Mitchell,2025,8
Gungahlin,Ngunnawal,2025,11188
Gungahlin,Nicholls,2025,6507
Gungahlin,Palmerston,2025,5537
Gungahlin,Kenny,2025,18
Inner North,Acton,2025,3616
Inner North,Ainslie,2025,5469
Inner North,Braddon,2025,7488
Inner North,Civic,2025,5361
Inner North,Dickson,2025,4179
Inner North,Downer,2025,4556
Inner North,Hackett,2025,3345
Inner North,Lyneham,2025,6013
Inner North,O'Connor,2025,5921
Inner North,Turner,2025,4888
Inner North,Watson,2025,7377
Inner North,Black Mountain,2025,0
Inner North,Campbell,2025,5365
Inner North,Duntroon,2025,2367
Inner North,Reid,2025,2013
Inner North,Russell,2025,0
Inner South,Deakin,2025,3247
Inner South,Forrest,2025,1944
Inner South,Griffith,2025,5826
Inner South,Narrabundah,2025,7014
Inner South,Red Hill,2025,3619
Inner South,Yarralumla,2025,3154
Inner South,Barton,2025,2144
Inner South,Fyshwick,2025,59
Inner South,Kingston,2025,7472
Tuggeranong,Banks,2025,5038
Tuggeranong,Bonython,2025,3740
Tuggeranong,Calwell,2025,5520
Tuggeranong,Chisholm,2025,5277
Tuggeranong,Conder,2025,4914
Tuggeranong,Fadden,2025,3014
Tuggeranong,Gilmore,2025,2722
Tuggeranong,Gordon,2025,7783
Tuggeranong,Gowrie,2025,3100
Tuggeranong,Greenway,2025,5565
Tuggeranong,Isabella Plains,2025,4324
Tuggeranong,Kambah,2025,15878
Tuggeranong,Macarthur,2025,1387
Tuggeranong,Monash,2025,5657
Tuggeranong,Oxley,2025,1713
Tuggeranong,Richardson,2025,3060
Tuggeranong,Theodore,2025,3726
Tuggeranong,Wanniassa,2025,7731
Weston Creek,Chapman,2025,2881
Weston Creek,Duffy,2025,3514
Weston Creek,Fisher,2025,3334
Weston Creek,Holder,2025,2895
Weston Creek,Rivett,2025,3431
Weston Creek,Stirling,2025,2167
Weston Creek,Waramanga,2025,2749
Weston Creek,Weston,2025,4027
Woden,Chifley,2025,2785
Woden,Curtin,2025,5585
Woden,Farrer,2025,3816
Woden,Garran,2025,3732
Woden,Hughes,2025,3149
Woden,Isaacs,2025,2402
Woden,Lyons,2025,3310
Woden,Mawson,2025,3526
Woden,O'Malley,2025,977
Woden,Pearce,2025,2713
Woden,Phillip,2025,7135
Woden,Torrens,2025,2470
Molonglo District,Coombs,2025,6159
Molonglo District,Molonglo,2025,0
Molonglo District,Wright,2025,4757
Inner South,Parkes & Capital Hill,2025,336
