Crime,Year,Quarter,Number,Population,Rate,Date,COVID
All Crime,2014,Q1,10932,386583,28.27853268250285,2014-01-01,Pre
All Crime,2014,Q2,10415,386583,26.941174340309843,2014-04-01,Pre
All Crime,2014,Q3,11167,386583,28.886422838045128,2014-07-01,Pre
All Crime,2014,Q4,10437,386583,26.998083205935075,2014-10-01,Pre
All Crime,2015,Q1,9998,393297,25.420992278100265,2015-01-01,Pre
All Crime,2015,Q2,10961,393297,27.869523540733844,2015-04-01,Pre
All Crime,2015,Q3,10958,393297,27.861895717485766,2015-07-01,Pre
All Crime,2015,Q4,11150,393297,28.350076405362866,2015-10-01,Pre
All Crime,2016,Q1,9990,400106,24.968383378404724,2016-01-01,Pre
All Crime,2016,Q2,10814,400106,27.027837623029896,2016-04-01,Pre
All Crime,2016,Q3,11564,400106,28.902340879666887,2016-07-01,Pre
All Crime,2016,Q4,10617,400106,26.53546810095325,2016-10-01,Pre
All Crime,2017,Q1,11578,410124,28.230486389482202,2017-01-01,Pre
All Crime,2017,Q2,11825,410124,28.83274326788971,2017-04-01,Pre
All Crime,2017,Q3,11816,410124,28.81079868527567,2017-07-01,Pre
All Crime,2017,Q4,11393,410124,27.779403302415854,2017-10-01,Pre
All Crime,2018,Q1,10835,417279,25.96584060065328,2018-01-01,Pre
All Crime,2018,Q2,10275,417279,24.623812844643513,2018-04-01,Pre
All Crime,2018,Q3,10877,417279,26.066492682354014,2018-07-01,Pre
All Crime,2018,Q4,10313,417279,24.71487901380132,2018-10-01,Pre
All Crime,2019,Q1,10799,423768,25.483283305959866,2019-01-01,Pre
All Crime,2019,Q2,10253,423768,24.194842460969213,2019-04-01,Pre
All Crime,2019,Q3,9457,423768,22.316456174133016,2019-07-01,Pre
All Crime,2019,Q4,10685,423768,25.2142681844783,2019-10-01,Pre
All Crime,2020,Q1,10751,429638,25.023391785642797,2020-01-01,Pre
All Crime,2020,Q2,9467,429638,22.034829321428738,2020-04-01,During
All Crime,2020,Q3,8924,429638,20.77097463445971,2020-07-01,During
All Crime,2020,Q4,9620,429638,22.390943073005648,2020-10-01,During
All Crime,2021,Q1,8686,433318,20.04532468071947,2021-01-01,During
All Crime,2021,Q2,9627,433318,22.216939984030205,2021-04-01,During
All Crime,2021,Q3,7525,433318,17.3659991045837,2021-07-01,During
All Crime,2021,Q4,7924,433318,18.28680091757093,2021-10-01,Post
All Crime,2022,Q1,7361,439576,16.74568220285002,2022-01-01,Post
All Crime,2022,Q2,8653,439576,19.6848781553133,2022-04-01,Post
All Crime,2022,Q3,7799,439576,17.742096929768685,2022-07-01,Post
All Crime,2022,Q4,7624,439576,17.34398602289479,2022-10-01,Post
All Crime,2023,Q1,7941,446157,17.798667285282985,2023-01-01,Post
All Crime,2023,Q2,8236,446157,18.459869507818997,2023-04-01,Post
All Crime,2023,Q3,7992,446157,17.912976822060397,2023-07-01,Post
All Crime,2023,Q4,7384,446157,16.550227834596342,2023-10-01,Post
All Crime,2024,Q1,7264,450167,16.136233886535443,2024-01-01,Post
All Crime,2024,Q2,6386,450167,14.185846585822596,2024-04-01,Post
All Crime,2024,Q3,6894,450167,15.314316686918412,2024-07-01,Post
All Crime,2024,Q4,8002,450167,17.775625490095898,2024-10-01,Post
All Crime,2025,Q1,8524,453717,18.787041261403033,2025-01-01,Post
All Crime,2025,Q2,7821,453717,17.23761728125682,2025-04-01,Post
Assault,2014,Q1,327,386583,0.8458726845205298,2014-01-01,Pre
Assault,2014,Q2,293,386583,0.7579226194633494,2014-04-01,Pre
Assault,2014,Q3,295,386583,0.763096152702007,2014-07-01,Pre
Assault,2014,Q4,286,386583,0.7398152531280475,2014-10-01,Pre
Assault,2015,Q1,318,393297,0.8085492642964477,2015-01-01,Pre
Assault,2015,Q2,341,393297,0.8670292425317253,2015-04-01,Pre
Assault,2015,Q3,308,393297,0.7831231868028486,2015-07-01,Pre
Assault,2015,Q4,384,393297,0.976361375754201,2015-10-01,Pre
Assault,2016,Q1,345,400106,0.862271498053016,2016-01-01,Pre
Assault,2016,Q2,343,400106,0.857272822701984,2016-04-01,Pre
Assault,2016,Q3,387,400106,0.9672436804246874,2016-07-01,Pre
Assault,2016,Q4,436,400106,1.0897112265249709,2016-10-01,Pre
Assault,2017,Q1,432,410124,1.0533399654738567,2017-01-01,Pre
Assault,2017,Q2,390,410124,0.9509319132750095,2017-04-01,Pre
Assault,2017,Q3,381,410124,0.9289873306609707,2017-07-01,Pre
Assault,2017,Q4,428,410124,1.043586817645395,2017-10-01,Pre
Assault,2018,Q1,417,417279,0.9993313826001309,2018-01-01,Pre
Assault,2018,Q2,367,417279,0.8795074758135444,2018-04-01,Pre
Assault,2018,Q3,387,417279,0.927437038528179,2018-07-01,Pre
Assault,2018,Q4,463,417279,1.1095693768437904,2018-10-01,Pre
Assault,2019,Q1,457,423768,1.0784202676936439,2019-01-01,Pre
Assault,2019,Q2,394,423768,0.9297540163485681,2019-04-01,Pre
Assault,2019,Q3,392,423768,0.9250344528138038,2019-07-01,Pre
Assault,2019,Q4,412,423768,0.9722300881614468,2019-10-01,Pre
Assault,2020,Q1,397,429638,0.9240337214119795,2020-01-01,Pre
Assault,2020,Q2,316,429638,0.7355029117536159,2020-04-01,During
Assault,2020,Q3,375,429638,0.8728278224924239,2020-07-01,During
Assault,2020,Q4,377,429638,0.8774829042123835,2020-10-01,During
Assault,2021,Q1,448,433318,1.0338827373891692,2021-01-01,During
Assault,2021,Q2,411,433318,0.9484951005958673,2021-04-01,During
Assault,2021,Q3,329,433318,0.7592576352701711,2021-07-01,During
Assault,2021,Q4,339,433318,0.7823353749440365,2021-10-01,Post
Assault,2022,Q1,403,439576,0.9167925455438877,2022-01-01,Post
Assault,2022,Q2,355,439576,0.8075964110870475,2022-04-01,Post
Assault,2022,Q3,476,439576,1.0828616666969988,2022-07-01,Post
Assault,2022,Q4,481,439576,1.094236264036253,2022-10-01,Post
Assault,2023,Q1,411,446157,0.9212003846179708,2023-01-01,Post
Assault,2023,Q2,417,446157,0.9346485654153135,2023-04-01,Post
Assault,2023,Q3,456,446157,1.0220617405980406,2023-07-01,Post
Assault,2023,Q4,461,446157,1.0332685579291596,2023-10-01,Post
Assault,2024,Q1,424,450167,0.9418726828043815,2024-01-01,Post
Assault,2024,Q2,379,450167,0.8419097801482561,2024-04-01,Post
Assault,2024,Q3,448,450167,0.9951862308876485,2024-07-01,Post
Assault,2024,Q4,420,450167,0.9329870914571704,2024-10-01,Post
Assault,2025,Q1,375,453717,0.8265063905474117,2025-01-01,Post
Assault,2025,Q2,356,453717,0.7846300667596762,2025-04-01,Post
Burglary,2014,Q1,529,386583,1.368399541624955,2014-01-01,Pre
Burglary,2014,Q2,583,386583,1.508084939068712,2014-04-01,Pre
Burglary,2014,Q3,538,386583,1.3916804411989145,2014-07-01,Pre
Burglary,2014,Q4,591,386583,1.528779072023343,2014-10-01,Pre
Burglary,2015,Q1,508,393297,1.2916447366748283,2015-01-01,Pre
Burglary,2015,Q2,717,393297,1.823049756291047,2015-04-01,Pre
Burglary,2015,Q3,596,393297,1.5153942186184994,2015-07-01,Pre
Burglary,2015,Q4,767,393297,1.950180143759042,2015-10-01,Pre
Burglary,2016,Q1,587,400106,1.4671112155278851,2016-01-01,Pre
Burglary,2016,Q2,631,400106,1.5770820732505886,2016-04-01,Pre
Burglary,2016,Q3,556,400106,1.3896317475868896,2016-07-01,Pre
Burglary,2016,Q4,556,400106,1.3896317475868896,2016-10-01,Pre
Burglary,2017,Q1,716,410124,1.7458134612946328,2017-01-01,Pre
Burglary,2017,Q2,627,410124,1.5288059221113615,2017-04-01,Pre
Burglary,2017,Q3,611,410124,1.4897933307975149,2017-07-01,Pre
Burglary,2017,Q4,675,410124,1.645843696052901,2017-10-01,Pre
Burglary,2018,Q1,571,417279,1.368389015502817,2018-01-01,Pre
Burglary,2018,Q2,606,417279,1.4522657502534275,2018-04-01,Pre
Burglary,2018,Q3,534,417279,1.2797193244807432,2018-07-01,Pre
Burglary,2018,Q4,550,417279,1.3180629746524508,2018-10-01,Pre
Burglary,2019,Q1,788,423768,1.8595080326971363,2019-01-01,Pre
Burglary,2019,Q2,660,423768,1.5574559664722207,2019-04-01,Pre
Burglary,2019,Q3,556,423768,1.3120386626644769,2019-07-01,Pre
Burglary,2019,Q4,640,423768,1.5102603311245777,2019-10-01,Pre
Burglary,2020,Q1,605,429638,1.4081622202877773,2020-01-01,Pre
Burglary,2020,Q2,411,429638,0.9566192934516966,2020-04-01,During
Burglary,2020,Q3,420,429638,0.9775671611915148,2020-07-01,During
Burglary,2020,Q4,543,429638,1.26385468696903,2020-10-01,During
Burglary,2021,Q1,482,433318,1.1123470522803116,2021-01-01,During
Burglary,2021,Q2,467,433318,1.0777304427695134,2021-04-01,During
Burglary,2021,Q3,474,433318,1.0938848605412193,2021-07-01,During
Burglary,2021,Q4,482,433318,1.1123470522803116,2021-10-01,Post
Burglary,2022,Q1,500,439576,1.1374597339254189,2022-01-01,Post
Burglary,2022,Q2,498,439576,1.1329098949897174,2022-04-01,Post
Burglary,2022,Q3,423,439576,0.9622909349009044,2022-07-01,Post
Burglary,2022,Q4,472,439576,1.0737619888255956,2022-10-01,Post
Burglary,2023,Q1,559,446157,1.2529221776190893,2023-01-01,Post
Burglary,2023,Q2,417,446157,0.9346485654153135,2023-04-01,Post
Burglary,2023,Q3,490,446157,1.098268098449649,2023-07-01,Post
Burglary,2023,Q4,432,446157,0.9682690174086701,2023-10-01,Post
Burglary,2024,Q1,454,450167,1.0085146179084652,2024-01-01,Post
Burglary,2024,Q2,369,450167,0.8196958017802283,2024-04-01,Post
Burglary,2024,Q3,323,450167,0.7175115012873001,2024-07-01,Post
Burglary,2024,Q4,415,450167,0.9218801022731564,2024-10-01,Post
Burglary,2025,Q1,514,453717,1.132864759310319,2025-01-01,Post
Burglary,2025,Q2,379,453717,0.8353224587132508,2025-04-01,Post
CINs,2014,Q1,78,386583,0.20176779630764932,2014-01-01,Pre
CINs,2014,Q2,99,386583,0.2560898953135549,2014-04-01,Pre
CINs,2014,Q3,92,386583,0.23798252897825303,2014-07-01,Pre
CINs,2014,Q4,113,386583,0.2923046279841586,2014-10-01,Pre
CINs,2015,Q1,55,393297,0.1398434262147944,2015-01-01,Pre
CINs,2015,Q2,83,393297,0.21103644319687156,2015-04-01,Pre
CINs,2015,Q3,68,393297,0.17289732695647309,2015-07-01,Pre
CINs,2015,Q4,83,393297,0.21103644319687156,2015-10-01,Pre
CINs,2016,Q1,155,400106,0.3873973397049782,2016-01-01,Pre
CINs,2016,Q2,78,400106,0.19494833869024708,2016-04-01,Pre
CINs,2016,Q3,78,400106,0.19494833869024708,2016-07-01,Pre
CINs,2016,Q4,54,400106,0.13496423447786338,2016-10-01,Pre
CINs,2017,Q1,57,410124,0.1389823565555783,2017-01-01,Pre
CINs,2017,Q2,42,410124,0.10240805219884717,2017-04-01,Pre
CINs,2017,Q3,69,410124,0.1682418000409632,2017-07-01,Pre
CINs,2017,Q4,43,410124,0.10484633915596259,2017-10-01,Pre
CINs,2018,Q1,43,417279,0.10304855983646433,2018-01-01,Pre
CINs,2018,Q2,4,417279,0.009585912542926915,2018-04-01,Pre
CINs,2018,Q3,15,417279,0.03594717203597593,2018-07-01,Pre
CINs,2018,Q4,16,417279,0.03834365017170766,2018-10-01,Pre
CINs,2019,Q1,19,423768,0.044835853580260904,2019-01-01,Pre
CINs,2019,Q2,23,423768,0.054274980649789514,2019-04-01,Pre
CINs,2019,Q3,16,423768,0.03775650827811444,2019-07-01,Pre
CINs,2019,Q4,19,423768,0.044835853580260904,2019-10-01,Pre
CINs,2020,Q1,8,429638,0.018620326879838375,2020-01-01,Pre
CINs,2020,Q2,4,429638,0.009310163439919188,2020-04-01,During
CINs,2020,Q3,12,429638,0.027930490319757566,2020-07-01,During
CINs,2020,Q4,10,429638,0.02327540859979797,2020-10-01,During
CINs,2021,Q1,6,433318,0.01384664380431923,2021-01-01,During
CINs,2021,Q2,5,433318,0.011538869836932692,2021-04-01,During
CINs,2021,Q3,67,433318,0.15462085581489807,2021-07-01,During
CINs,2021,Q4,13,433318,0.030001061576024998,2021-10-01,Post
CINs,2022,Q1,4,439576,0.009099677871403353,2022-01-01,Post
CINs,2022,Q2,4,439576,0.009099677871403353,2022-04-01,Post
CINs,2022,Q3,11,439576,0.025024114146359216,2022-07-01,Post
CINs,2022,Q4,12,439576,0.027299033614210055,2022-10-01,Post
CINs,2023,Q1,2,446157,0.0044827269324475465,2023-01-01,Post
CINs,2023,Q2,23,446157,0.051551359723146783,2023-04-01,Post
CINs,2023,Q3,10,446157,0.02241363466223773,2023-07-01,Post
CINs,2023,Q4,6,446157,0.01344818079734264,2023-10-01,Post
CINs,2024,Q1,8,450167,0.017771182694422294,2024-01-01,Post
CINs,2024,Q2,2,450167,0.0044427956736055735,2024-04-01,Post
CINs,2024,Q3,1,450167,0.0022213978368027867,2024-07-01,Post
CINs,2024,Q4,5,450167,0.011106989184013934,2024-10-01,Post
CINs,2025,Q1,4,453717,0.00881606816583906,2025-01-01,Post
CINs,2025,Q2,5,453717,0.011020085207298823,2025-04-01,Post
Family Violence,2014,Q1,173,386583,0.44751062514388884,2014-01-01,Pre
Family Violence,2014,Q2,185,386583,0.4785518245758349,2014-04-01,Pre
Family Violence,2014,Q3,170,386583,0.43975032528590235,2014-07-01,Pre
Family Violence,2014,Q4,202,386583,0.5225268571044251,2014-10-01,Pre
Family Violence,2015,Q1,184,393297,0.4678398258822213,2015-01-01,Pre
Family Violence,2015,Q2,177,393297,0.450041571636702,2015-04-01,Pre
Family Violence,2015,Q3,212,393297,0.5390328428642984,2015-07-01,Pre
Family Violence,2015,Q4,298,393297,0.7576971093092497,2015-10-01,Pre
Family Violence,2016,Q1,311,400106,0.7772940170854724,2016-01-01,Pre
Family Violence,2016,Q2,308,400106,0.7697960040589243,2016-04-01,Pre
Family Violence,2016,Q3,304,400106,0.7597986533568605,2016-07-01,Pre
Family Violence,2016,Q4,368,400106,0.9197562645898837,2016-10-01,Pre
Family Violence,2017,Q1,379,410124,0.9241107567467399,2017-01-01,Pre
Family Violence,2017,Q2,292,410124,0.7119797914776994,2017-04-01,Pre
Family Violence,2017,Q3,279,410124,0.6802820610351991,2017-07-01,Pre
Family Violence,2017,Q4,318,410124,0.7753752523627,2017-10-01,Pre
Family Violence,2018,Q1,268,417279,0.6422561403761032,2018-01-01,Pre
Family Violence,2018,Q2,269,417279,0.644652618511835,2018-04-01,Pre
Family Violence,2018,Q3,249,417279,0.5967230557972004,2018-07-01,Pre
Family Violence,2018,Q4,315,417279,0.7548906127554945,2018-10-01,Pre
Family Violence,2019,Q1,287,423768,0.6772573672386778,2019-01-01,Pre
Family Violence,2019,Q2,255,423768,0.6017443506824489,2019-04-01,Pre
Family Violence,2019,Q3,321,423768,0.757489947329671,2019-07-01,Pre
Family Violence,2019,Q4,299,423768,0.7055747484472636,2019-10-01,Pre
Family Violence,2020,Q1,319,429638,0.7424855343335552,2020-01-01,Pre
Family Violence,2020,Q2,245,429638,0.5702475106950503,2020-04-01,During
Family Violence,2020,Q3,256,429638,0.595850460154828,2020-07-01,During
Family Violence,2020,Q4,264,429638,0.6144707870346664,2020-10-01,During
Family Violence,2021,Q1,264,433318,0.6092523273900461,2021-01-01,During
Family Violence,2021,Q2,316,433318,0.7292565736941461,2021-04-01,During
Family Violence,2021,Q3,279,433318,0.6438689369008442,2021-07-01,During
Family Violence,2021,Q4,310,433318,0.7154099298898269,2021-10-01,Post
Family Violence,2022,Q1,310,439576,0.7052250350337598,2022-01-01,Post
Family Violence,2022,Q2,290,439576,0.659726645676743,2022-04-01,Post
Family Violence,2022,Q3,296,439576,0.673376162483848,2022-07-01,Post
Family Violence,2022,Q4,407,439576,0.9258922234152911,2022-10-01,Post
Family Violence,2023,Q1,337,446157,0.7553394881174116,2023-01-01,Post
Family Violence,2023,Q2,399,446157,0.8943040230232856,2023-04-01,Post
Family Violence,2023,Q3,377,446157,0.8449940267663626,2023-07-01,Post
Family Violence,2023,Q4,327,446157,0.7329258534551739,2023-10-01,Post
Family Violence,2024,Q1,351,450167,0.7797106407177781,2024-01-01,Post
Family Violence,2024,Q2,266,450167,0.5908918245895413,2024-04-01,Post
Family Violence,2024,Q3,326,450167,0.7241756947977085,2024-07-01,Post
Family Violence,2024,Q4,379,450167,0.8419097801482561,2024-10-01,Post
Family Violence,2025,Q1,336,453717,0.740549725930481,2025-01-01,Post
Family Violence,2025,Q2,278,453717,0.6127167375258146,2025-04-01,Post
Homicide,2014,Q1,2,386583,0.0051735332386576745,2014-01-01,Pre
Homicide,2014,Q2,0,386583,0.0,2014-04-01,Pre
Homicide,2014,Q3,1,386583,0.0025867666193288372,2014-07-01,Pre
Homicide,2014,Q4,1,386583,0.0025867666193288372,2014-10-01,Pre
Homicide,2015,Q1,3,393297,0.007627823248079695,2015-01-01,Pre
Homicide,2015,Q2,2,393297,0.005085215498719797,2015-04-01,Pre
Homicide,2015,Q3,1,393297,0.0025426077493598985,2015-07-01,Pre
Homicide,2015,Q4,4,393297,0.010170430997439594,2015-10-01,Pre
Homicide,2016,Q1,2,400106,0.004998675351031976,2016-01-01,Pre
Homicide,2016,Q2,0,400106,0.0,2016-04-01,Pre
Homicide,2016,Q3,0,400106,0.0,2016-07-01,Pre
Homicide,2016,Q4,1,400106,0.002499337675515988,2016-10-01,Pre
Homicide,2017,Q1,0,410124,0.0,2017-01-01,Pre
Homicide,2017,Q2,1,410124,0.0024382869571154086,2017-04-01,Pre
Homicide,2017,Q3,4,410124,0.009753147828461635,2017-07-01,Pre
Homicide,2017,Q4,1,410124,0.0024382869571154086,2017-10-01,Pre
Homicide,2018,Q1,3,417279,0.007189434407195186,2018-01-01,Pre
Homicide,2018,Q2,3,417279,0.007189434407195186,2018-04-01,Pre
Homicide,2018,Q3,2,417279,0.004792956271463458,2018-07-01,Pre
Homicide,2018,Q4,0,417279,0.0,2018-10-01,Pre
Homicide,2019,Q1,5,423768,0.011798908836910763,2019-01-01,Pre
Homicide,2019,Q2,0,423768,0.0,2019-04-01,Pre
Homicide,2019,Q3,2,423768,0.004719563534764305,2019-07-01,Pre
Homicide,2019,Q4,2,423768,0.004719563534764305,2019-10-01,Pre
Homicide,2020,Q1,1,429638,0.002327540859979797,2020-01-01,Pre
Homicide,2020,Q2,2,429638,0.004655081719959594,2020-04-01,During
Homicide,2020,Q3,5,429638,0.011637704299898985,2020-07-01,During
Homicide,2020,Q4,4,429638,0.009310163439919188,2020-10-01,During
Homicide,2021,Q1,4,433318,0.009231095869546154,2021-01-01,During
Homicide,2021,Q2,2,433318,0.004615547934773077,2021-04-01,During
Homicide,2021,Q3,2,433318,0.004615547934773077,2021-07-01,During
Homicide,2021,Q4,3,433318,0.006923321902159615,2021-10-01,Post
Homicide,2022,Q1,2,439576,0.004549838935701676,2022-01-01,Post
Homicide,2022,Q2,5,439576,0.01137459733925419,2022-04-01,Post
Homicide,2022,Q3,2,439576,0.004549838935701676,2022-07-01,Post
Homicide,2022,Q4,3,439576,0.006824758403552514,2022-10-01,Post
Homicide,2023,Q1,0,446157,0.0,2023-01-01,Post
Homicide,2023,Q2,0,446157,0.0,2023-04-01,Post
Homicide,2023,Q3,3,446157,0.00672409039867132,2023-07-01,Post
Homicide,2023,Q4,2,446157,0.0044827269324475465,2023-10-01,Post
Homicide,2024,Q1,2,450167,0.0044427956736055735,2024-01-01,Post
Homicide,2024,Q2,5,450167,0.011106989184013934,2024-04-01,Post
Homicide,2024,Q3,2,450167,0.0044427956736055735,2024-07-01,Post
Homicide,2024,Q4,0,450167,0.0,2024-10-01,Post
Homicide,2025,Q1,4,453717,0.00881606816583906,2025-01-01,Post
Homicide,2025,Q2,0,453717,0.0,2025-04-01,Post
Other,2014,Q1,2745,386583,7.100674370057659,2014-01-01,Pre
Other,2014,Q2,2409,386583,6.231520785963169,2014-04-01,Pre
Other,2014,Q3,2691,386583,6.960988972613901,2014-07-01,Pre
Other,2014,Q4,2533,386583,6.552279846759945,2014-10-01,Pre
Other,2015,Q1,2592,393297,6.590439286340857,2015-01-01,Pre
Other,2015,Q2,2430,393297,6.1785368309445525,2015-04-01,Pre
Other,2015,Q3,2422,393297,6.1581959689496735,2015-07-01,Pre
Other,2015,Q4,2328,393297,5.9191908405098435,2015-10-01,Pre
Other,2016,Q1,2567,400106,6.415799813049542,2016-01-01,Pre
Other,2016,Q2,2652,400106,6.628243515468401,2016-04-01,Pre
Other,2016,Q3,2838,400106,7.093120323114375,2016-07-01,Pre
Other,2016,Q4,2860,400106,7.148105751975726,2016-10-01,Pre
Other,2017,Q1,2802,410124,6.832080053837376,2017-01-01,Pre
Other,2017,Q2,3129,410124,7.629399888814114,2017-04-01,Pre
Other,2017,Q3,3293,410124,8.029278949781041,2017-07-01,Pre
Other,2017,Q4,3067,410124,7.478226097472959,2017-10-01,Pre
Other,2018,Q1,2783,417279,6.669398651741401,2018-01-01,Pre
Other,2018,Q2,3112,417279,7.457839958397139,2018-04-01,Pre
Other,2018,Q3,3289,417279,7.8820165884216555,2018-07-01,Pre
Other,2018,Q4,3059,417279,7.330826617203358,2018-10-01,Pre
Other,2019,Q1,3086,423768,7.282286534141323,2019-01-01,Pre
Other,2019,Q2,3004,423768,7.088784429215987,2019-04-01,Pre
Other,2019,Q3,2685,423768,6.33601404542108,2019-07-01,Pre
Other,2019,Q4,3039,423768,7.171376791074362,2019-10-01,Pre
Other,2020,Q1,3151,429638,7.33408124979634,2020-01-01,Pre
Other,2020,Q2,3390,429638,7.890363515331512,2020-04-01,During
Other,2020,Q3,2945,429638,6.854607832640502,2020-07-01,During
Other,2020,Q4,2741,429638,6.379789497204624,2020-10-01,During
Other,2021,Q1,2731,433318,6.302530704932637,2021-01-01,During
Other,2021,Q2,2619,433318,6.044060020585344,2021-04-01,During
Other,2021,Q3,2221,433318,5.125565981565502,2021-07-01,During
Other,2021,Q4,2190,433318,5.054024988576519,2021-10-01,Post
Other,2022,Q1,2064,439576,4.695433781644129,2022-01-01,Post
Other,2022,Q2,2910,439576,6.6200156514459385,2022-04-01,Post
Other,2022,Q3,2265,439576,5.152692594682148,2022-07-01,Post
Other,2022,Q4,2145,439576,4.879702258540047,2022-10-01,Post
Other,2023,Q1,2240,446157,5.020654164341252,2023-01-01,Post
Other,2023,Q2,2168,446157,4.8592759947731405,2023-04-01,Post
Other,2023,Q3,2150,446157,4.818931452381113,2023-07-01,Post
Other,2023,Q4,2105,446157,4.718070096401043,2023-10-01,Post
Other,2024,Q1,1848,450167,4.10514320241155,2024-01-01,Post
Other,2024,Q2,1700,450167,3.776376322564737,2024-04-01,Post
Other,2024,Q3,1801,450167,4.000737504081819,2024-07-01,Post
Other,2024,Q4,2125,450167,4.720470403205922,2024-10-01,Post
Other,2025,Q1,2092,453717,4.6108036507338275,2025-01-01,Post
Other,2025,Q2,1935,453717,4.264772975224645,2025-04-01,Post
Property Damage,2014,Q1,1053,386583,2.7238652501532656,2014-01-01,Pre
Property Damage,2014,Q2,982,386583,2.5402048201809184,2014-04-01,Pre
Property Damage,2014,Q3,990,386583,2.560898953135549,2014-07-01,Pre
Property Damage,2014,Q4,1051,386583,2.718691716914608,2014-10-01,Pre
Property Damage,2015,Q1,1153,393297,2.931626735011963,2015-01-01,Pre
Property Damage,2015,Q2,1417,393297,3.6028751808429758,2015-04-01,Pre
Property Damage,2015,Q3,1138,393297,2.893487618771564,2015-07-01,Pre
Property Damage,2015,Q4,1489,393297,3.7859429387968886,2015-10-01,Pre
Property Damage,2016,Q1,1064,400106,2.6592952867490114,2016-01-01,Pre
Property Damage,2016,Q2,1230,400106,3.0741853408846658,2016-04-01,Pre
Property Damage,2016,Q3,1143,400106,2.8567429631147747,2016-07-01,Pre
Property Damage,2016,Q4,1168,400106,2.919226405002674,2016-10-01,Pre
Property Damage,2017,Q1,1480,410124,3.608664696530805,2017-01-01,Pre
Property Damage,2017,Q2,1367,410124,3.333138270376764,2017-04-01,Pre
Property Damage,2017,Q3,1194,410124,2.9113146267957983,2017-07-01,Pre
Property Damage,2017,Q4,1174,410124,2.86254888765349,2017-10-01,Pre
Property Damage,2018,Q1,1038,417279,2.4875443048895343,2018-01-01,Pre
Property Damage,2018,Q2,1030,417279,2.4683724798036804,2018-04-01,Pre
Property Damage,2018,Q3,1169,417279,2.801482940670391,2018-07-01,Pre
Property Damage,2018,Q4,1139,417279,2.7295885965984388,2018-10-01,Pre
Property Damage,2019,Q1,1201,423768,2.8340979026259654,2019-01-01,Pre
Property Damage,2019,Q2,1272,423768,3.001642408110098,2019-04-01,Pre
Property Damage,2019,Q3,1110,423768,2.6193577617941894,2019-07-01,Pre
Property Damage,2019,Q4,1173,423768,2.7680240131392653,2019-10-01,Pre
Property Damage,2020,Q1,963,429638,2.241421848160545,2020-01-01,Pre
Property Damage,2020,Q2,787,429638,1.8317746568041002,2020-04-01,During
Property Damage,2020,Q3,828,429638,1.927203832063272,2020-07-01,During
Property Damage,2020,Q4,1008,429638,2.3461611868596353,2020-10-01,During
Property Damage,2021,Q1,924,433318,2.1323831458651616,2021-01-01,During
Property Damage,2021,Q2,1020,433318,2.353929446734269,2021-04-01,During
Property Damage,2021,Q3,854,433318,1.9708389681481038,2021-07-01,During
Property Damage,2021,Q4,879,433318,2.028533317332767,2021-10-01,Post
Property Damage,2022,Q1,794,439576,1.8062860574735653,2022-01-01,Post
Property Damage,2022,Q2,931,439576,2.1179500245691303,2022-04-01,Post
Property Damage,2022,Q3,911,439576,2.072451635212113,2022-07-01,Post
Property Damage,2022,Q4,770,439576,1.7516879902451452,2022-10-01,Post
Property Damage,2023,Q1,771,446157,1.7280912324585291,2023-01-01,Post
Property Damage,2023,Q2,828,446157,1.8558489500332844,2023-04-01,Post
Property Damage,2023,Q3,865,446157,1.938779398283564,2023-07-01,Post
Property Damage,2023,Q4,895,446157,2.006020302270277,2023-10-01,Post
Property Damage,2024,Q1,782,450167,1.7371331083797792,2024-01-01,Post
Property Damage,2024,Q2,657,450167,1.4594583787794309,2024-04-01,Post
Property Damage,2024,Q3,708,450167,1.5727496684563729,2024-07-01,Post
Property Damage,2024,Q4,796,450167,1.7682326780950182,2024-10-01,Post
Property Damage,2025,Q1,767,453717,1.6904810707996394,2025-01-01,Post
Property Damage,2025,Q2,701,453717,1.545015946063295,2025-04-01,Post
Robbery,2014,Q1,46,386583,0.11899126448912652,2014-01-01,Pre
Robbery,2014,Q2,34,386583,0.08795006505718048,2014-04-01,Pre
Robbery,2014,Q3,39,386583,0.10088389815382466,2014-07-01,Pre
Robbery,2014,Q4,47,386583,0.12157803110845536,2014-10-01,Pre
Robbery,2015,Q1,43,393297,0.10933213322247563,2015-01-01,Pre
Robbery,2015,Q2,47,393297,0.11950256421991522,2015-04-01,Pre
Robbery,2015,Q3,39,393297,0.09916170222503604,2015-07-01,Pre
Robbery,2015,Q4,37,393297,0.09407648672631624,2015-10-01,Pre
Robbery,2016,Q1,27,400106,0.06748211723893169,2016-01-01,Pre
Robbery,2016,Q2,50,400106,0.12496688377579941,2016-04-01,Pre
Robbery,2016,Q3,52,400106,0.1299655591268314,2016-07-01,Pre
Robbery,2016,Q4,67,400106,0.16745562425957122,2016-10-01,Pre
Robbery,2017,Q1,69,410124,0.1682418000409632,2017-01-01,Pre
Robbery,2017,Q2,58,410124,0.1414206435126937,2017-04-01,Pre
Robbery,2017,Q3,61,410124,0.14873550438403993,2017-07-01,Pre
Robbery,2017,Q4,44,410124,0.10728462611307799,2017-10-01,Pre
Robbery,2018,Q1,75,417279,0.17973586017987966,2018-01-01,Pre
Robbery,2018,Q2,44,417279,0.10544503797219607,2018-04-01,Pre
Robbery,2018,Q3,45,417279,0.10784151610792779,2018-07-01,Pre
Robbery,2018,Q4,58,417279,0.13899573187244027,2018-10-01,Pre
Robbery,2019,Q1,55,423768,0.12978799720601839,2019-01-01,Pre
Robbery,2019,Q2,46,423768,0.10854996129957903,2019-04-01,Pre
Robbery,2019,Q3,81,423768,0.19114232315795437,2019-07-01,Pre
Robbery,2019,Q4,50,423768,0.11798908836910764,2019-10-01,Pre
Robbery,2020,Q1,65,429638,0.1512901558986868,2020-01-01,Pre
Robbery,2020,Q2,31,429638,0.0721537666593737,2020-04-01,During
Robbery,2020,Q3,31,429638,0.0721537666593737,2020-07-01,During
Robbery,2020,Q4,40,429638,0.09310163439919188,2020-10-01,During
Robbery,2021,Q1,35,433318,0.08077208885852884,2021-01-01,During
Robbery,2021,Q2,45,433318,0.10384982853239423,2021-04-01,During
Robbery,2021,Q3,58,433318,0.13385089010841922,2021-07-01,During
Robbery,2021,Q4,34,433318,0.0784643148911423,2021-10-01,Post
Robbery,2022,Q1,40,439576,0.09099677871403351,2022-01-01,Post
Robbery,2022,Q2,36,439576,0.08189710084263016,2022-04-01,Post
Robbery,2022,Q3,73,439576,0.16606912115311118,2022-07-01,Post
Robbery,2022,Q4,47,439576,0.10692121498898939,2022-10-01,Post
Robbery,2023,Q1,60,446157,0.1344818079734264,2023-01-01,Post
Robbery,2023,Q2,40,446157,0.08965453864895093,2023-04-01,Post
Robbery,2023,Q3,50,446157,0.11206817331118867,2023-07-01,Post
Robbery,2023,Q4,41,446157,0.0918959021151747,2023-10-01,Post
Robbery,2024,Q1,45,450167,0.0999629026561254,2024-01-01,Post
Robbery,2024,Q2,33,450167,0.07330612861449196,2024-04-01,Post
Robbery,2024,Q3,33,450167,0.07330612861449196,2024-07-01,Post
Robbery,2024,Q4,52,450167,0.11551268751374491,2024-10-01,Post
Robbery,2025,Q1,38,453717,0.08375264757547106,2025-01-01,Post
Robbery,2025,Q2,36,453717,0.07934461349255152,2025-04-01,Post
Sexual Assault,2014,Q1,89,386583,0.23022222912026652,2014-01-01,Pre
Sexual Assault,2014,Q2,88,386583,0.2276354625009377,2014-04-01,Pre
Sexual Assault,2014,Q3,92,386583,0.23798252897825303,2014-07-01,Pre
Sexual Assault,2014,Q4,114,386583,0.29489139460348746,2014-10-01,Pre
Sexual Assault,2015,Q1,121,393297,0.3076555376725477,2015-01-01,Pre
Sexual Assault,2015,Q2,104,393297,0.26443120593342945,2015-04-01,Pre
Sexual Assault,2015,Q3,126,393297,0.3203685764193472,2015-07-01,Pre
Sexual Assault,2015,Q4,120,393297,0.3051129299231878,2015-10-01,Pre
Sexual Assault,2016,Q1,110,400106,0.2749271443067587,2016-01-01,Pre
Sexual Assault,2016,Q2,108,400106,0.26992846895572675,2016-04-01,Pre
Sexual Assault,2016,Q3,134,400106,0.33491124851914245,2016-07-01,Pre
Sexual Assault,2016,Q4,140,400106,0.34990727457223836,2016-10-01,Pre
Sexual Assault,2017,Q1,136,410124,0.3316070261676956,2017-01-01,Pre
Sexual Assault,2017,Q2,144,410124,0.35111332182461885,2017-04-01,Pre
Sexual Assault,2017,Q3,137,410124,0.334045313124811,2017-07-01,Pre
Sexual Assault,2017,Q4,118,410124,0.28771786093961826,2017-10-01,Pre
Sexual Assault,2018,Q1,143,417279,0.3426963734096372,2018-01-01,Pre
Sexual Assault,2018,Q2,104,417279,0.24923372611609979,2018-04-01,Pre
Sexual Assault,2018,Q3,143,417279,0.3426963734096372,2018-07-01,Pre
Sexual Assault,2018,Q4,133,417279,0.31873159205231993,2018-10-01,Pre
Sexual Assault,2019,Q1,206,423768,0.4861150440807234,2019-01-01,Pre
Sexual Assault,2019,Q2,128,423768,0.30205206622491554,2019-04-01,Pre
Sexual Assault,2019,Q3,155,423768,0.36576617394423366,2019-07-01,Pre
Sexual Assault,2019,Q4,123,423768,0.2902531573880048,2019-10-01,Pre
Sexual Assault,2020,Q1,143,429638,0.33283834297711096,2020-01-01,Pre
Sexual Assault,2020,Q2,123,429638,0.28628752577751504,2020-04-01,During
Sexual Assault,2020,Q3,138,429638,0.321200638677212,2020-07-01,During
Sexual Assault,2020,Q4,141,429638,0.32818326125715136,2020-10-01,During
Sexual Assault,2021,Q1,160,433318,0.36924383478184614,2021-01-01,During
Sexual Assault,2021,Q2,143,433318,0.330011677336275,2021-04-01,During
Sexual Assault,2021,Q3,130,433318,0.30001061576025,2021-07-01,During
Sexual Assault,2021,Q4,155,433318,0.35770496494491344,2021-10-01,Post
Sexual Assault,2022,Q1,140,439576,0.31848872549911733,2022-01-01,Post
Sexual Assault,2022,Q2,163,439576,0.37081187325968656,2022-04-01,Post
Sexual Assault,2022,Q3,212,439576,0.48228292718437765,2022-07-01,Post
Sexual Assault,2022,Q4,182,439576,0.4140353431488525,2022-10-01,Post
Sexual Assault,2023,Q1,199,446157,0.4460313297785309,2023-01-01,Post
Sexual Assault,2023,Q2,183,446157,0.41016951431895055,2023-04-01,Post
Sexual Assault,2023,Q3,174,446157,0.38999724312293654,2023-07-01,Post
Sexual Assault,2023,Q4,153,446157,0.3429286103322373,2023-10-01,Post
Sexual Assault,2024,Q1,175,450167,0.38874462144048766,2024-01-01,Post
Sexual Assault,2024,Q2,161,450167,0.35764505172524863,2024-04-01,Post
Sexual Assault,2024,Q3,145,450167,0.32210268633640404,2024-07-01,Post
Sexual Assault,2024,Q4,183,450167,0.40651580413490995,2024-10-01,Post
Sexual Assault,2025,Q1,150,453717,0.33060255621896467,2025-01-01,Post
Sexual Assault,2025,Q2,130,453717,0.2865222153897694,2025-04-01,Post
TINs,2014,Q1,3148,386583,8.14314131764718,2014-01-01,Pre
TINs,2014,Q2,3331,386583,8.616519608984357,2014-04-01,Pre
TINs,2014,Q3,3976,386583,10.284984078451457,2014-07-01,Pre
TINs,2014,Q4,2878,386583,7.444714330428394,2014-10-01,Pre
TINs,2015,Q1,2339,393297,5.947159525752802,2015-01-01,Pre
TINs,2015,Q2,2363,393297,6.008182111737439,2015-04-01,Pre
TINs,2015,Q3,3256,393297,8.278730831915828,2015-07-01,Pre
TINs,2015,Q4,2294,393297,5.832742177031607,2015-10-01,Pre
TINs,2016,Q1,2409,400106,6.0209044603180155,2016-01-01,Pre
TINs,2016,Q2,2345,400106,5.860946849084993,2016-04-01,Pre
TINs,2016,Q3,3302,400106,8.252813004553794,2016-07-01,Pre
TINs,2016,Q4,2630,400106,6.57325808660705,2016-10-01,Pre
TINs,2017,Q1,2558,410124,6.237138036301216,2017-01-01,Pre
TINs,2017,Q2,3215,410124,7.839092567126039,2017-04-01,Pre
TINs,2017,Q3,3106,410124,7.57331928880046,2017-07-01,Pre
TINs,2017,Q4,2505,410124,6.107908827574099,2017-10-01,Pre
TINs,2018,Q1,2991,417279,7.1678661039736005,2018-01-01,Pre
TINs,2018,Q2,2015,417279,4.828903443499433,2018-04-01,Pre
TINs,2018,Q3,2770,417279,6.638244435976889,2018-07-01,Pre
TINs,2018,Q4,2212,417279,5.301009636238584,2018-10-01,Pre
TINs,2019,Q1,2158,423768,5.092409054010686,2019-01-01,Pre
TINs,2019,Q2,2032,423768,4.795076551320534,2019-04-01,Pre
TINs,2019,Q3,1792,423768,4.2287289271488175,2019-07-01,Pre
TINs,2019,Q4,2311,423768,5.453455664420154,2019-10-01,Pre
TINs,2020,Q1,2618,429638,6.093501971427108,2020-01-01,Pre
TINs,2020,Q2,2508,429638,5.837472476829331,2020-04-01,During
TINs,2020,Q3,2088,429638,4.859905315637817,2020-07-01,During
TINs,2020,Q4,2371,429638,5.518599379012099,2020-10-01,During
TINs,2021,Q1,1416,433318,3.2678079378193385,2021-01-01,During
TINs,2021,Q2,2019,433318,4.659395640153421,2021-04-01,During
TINs,2021,Q3,1016,433318,2.344698350864723,2021-07-01,During
TINs,2021,Q4,1308,433318,3.0185683493415922,2021-10-01,Post
TINs,2022,Q1,901,439576,2.049702440533605,2022-01-01,Post
TINs,2022,Q2,1040,439576,2.3659162465648715,2022-04-01,Post
TINs,2022,Q3,1088,439576,2.4751123810217117,2022-07-01,Post
TINs,2022,Q4,1304,439576,2.9664949860774925,2022-10-01,Post
TINs,2023,Q1,1249,446157,2.7994629693134927,2023-01-01,Post
TINs,2023,Q2,1773,446157,3.97393742561475,2023-04-01,Post
TINs,2023,Q3,1325,446157,2.9698065927464996,2023-07-01,Post
TINs,2023,Q4,1011,446157,2.2660184643522348,2023-10-01,Post
TINs,2024,Q1,1184,450167,2.6301350387744993,2024-01-01,Post
TINs,2024,Q2,1151,450167,2.5568289101600072,2024-04-01,Post
TINs,2024,Q3,1319,450167,2.930023746742876,2024-07-01,Post
TINs,2024,Q4,1707,450167,3.791926107422357,2024-10-01,Post
TINs,2025,Q1,2353,453717,5.186052098554827,2025-01-01,Post
TINs,2025,Q2,2217,453717,4.886305780916298,2025-04-01,Post
Theft,2014,Q1,2742,386583,7.092914070199672,2014-01-01,Pre
Theft,2014,Q2,2411,386583,6.236694319201827,2014-04-01,Pre
Theft,2014,Q3,2283,386583,5.905588191927736,2014-07-01,Pre
Theft,2014,Q4,2621,386583,6.779915309260883,2014-10-01,Pre
Theft,2015,Q1,2682,393297,6.819273983783248,2015-01-01,Pre
Theft,2015,Q2,3280,393297,8.339753417900466,2015-04-01,Pre
Theft,2015,Q3,2792,393297,7.098960836212836,2015-07-01,Pre
Theft,2015,Q4,3346,393297,8.507565529358219,2015-10-01,Pre
Theft,2016,Q1,2413,400106,6.03090181102008,2016-01-01,Pre
Theft,2016,Q2,3069,400106,7.670467326158568,2016-04-01,Pre
Theft,2016,Q3,2770,400106,6.923165361179287,2016-07-01,Pre
Theft,2016,Q4,2337,400106,5.840952147680865,2016-10-01,Pre
Theft,2017,Q1,2949,410124,7.190508236533341,2017-01-01,Pre
Theft,2017,Q2,2560,410124,6.242014610215446,2017-04-01,Pre
Theft,2017,Q3,2681,410124,6.537047332026411,2017-07-01,Pre
Theft,2017,Q4,3020,410124,7.363626610488534,2017-10-01,Pre
Theft,2018,Q1,2503,417279,5.998384773736517,2018-01-01,Pre
Theft,2018,Q2,2721,417279,6.520817007326034,2018-04-01,Pre
Theft,2018,Q3,2274,417279,5.449591280653951,2018-07-01,Pre
Theft,2018,Q4,2368,417279,5.674860225412734,2018-10-01,Pre
Theft,2019,Q1,2537,423768,5.9867663438485215,2019-01-01,Pre
Theft,2019,Q2,2439,423768,5.75550773064507,2019-04-01,Pre
Theft,2019,Q3,2347,423768,5.538407808045912,2019-07-01,Pre
Theft,2019,Q4,2617,423768,6.175548885239094,2019-10-01,Pre
Theft,2020,Q1,2481,429638,5.774628873609877,2020-01-01,Pre
Theft,2020,Q2,1650,429638,3.8404424189666653,2020-04-01,During
Theft,2020,Q3,1826,429638,4.250089610323109,2020-07-01,During
Theft,2020,Q4,2121,429638,4.9367141640171495,2020-10-01,During
Theft,2021,Q1,2216,433318,5.114027111728569,2021-01-01,During
Theft,2021,Q2,2580,433318,5.954056835857269,2021-04-01,During
Theft,2021,Q3,2095,433318,4.834786461674798,2021-07-01,During
Theft,2021,Q4,2211,433318,5.102488241891637,2021-10-01,Post
Theft,2022,Q1,2203,439576,5.011647587675396,2022-01-01,Post
Theft,2022,Q2,2421,439576,5.507580031666879,2022-04-01,Post
Theft,2022,Q3,2042,439576,4.645385553351411,2022-07-01,Post
Theft,2022,Q4,1801,439576,4.097129961599359,2022-10-01,Post
Theft,2023,Q1,2113,446157,4.736001004130833,2023-01-01,Post
Theft,2023,Q2,1988,446157,4.455830570852862,2023-04-01,Post
Theft,2023,Q3,2092,446157,4.688932371340134,2023-07-01,Post
Theft,2023,Q4,1951,446157,4.372900122602582,2023-10-01,Post
Theft,2024,Q1,1991,450167,4.422803093074348,2024-01-01,Post
Theft,2024,Q2,1663,450167,3.694184602603034,2024-04-01,Post
Theft,2024,Q3,1788,450167,3.9718593322033824,2024-07-01,Post
Theft,2024,Q4,1920,450167,4.2650838466613505,2024-10-01,Post
Theft,2025,Q1,1891,453717,4.167796225400415,2025-01-01,Post
Theft,2025,Q2,1784,453717,3.93196640196422,2025-04-01,Post
