Total Description,Year,Number,Population,Rate,COVID
Closing the Gap Target 5 - People aged 20-24 years - Census : Attained Year 12 or equivalent or Certificate III or above (no.),2011,316.0,366055,0.8632582535411345,Pre
Closing the Gap Target 5 - People aged 20-24 years - Census : Attained Year 12 or equivalent or Certificate III or above (no.),2016,468.0,400106,1.1696900321414825,Pre
Closing the Gap Target 5 - People aged 20-24 years - Census : Attained Year 12 or equivalent or Certificate III or above (no.),2021,698.0,433318,1.6108262292358038,During
Closing the Gap Target 5 - People aged 20-24 years - Census : Total applicable population aged 20-24 years (no.),2011,510.0,366055,1.3932332572974007,Pre
Closing the Gap Target 5 - People aged 20-24 years - Census : Total applicable population aged 20-24 years (no.),2016,638.0,400106,1.5945774369792005,Pre
Closing the Gap Target 5 - People aged 20-24 years - Census : Total applicable population aged 20-24 years (no.),2021,894.0,433318,2.063149926843565,During
Closing the Gap Target 6 - People aged 25-34 years - Census : Completed tertiary qualification of Certificate III or above (no.),2011,354.0,366055,0.9670677903593722,Pre
Closing the Gap Target 6 - People aged 25-34 years - Census : Completed tertiary qualification of Certificate III or above (no.),2016,581.0,400106,1.4521151894747892,Pre
Closing the Gap Target 6 - People aged 25-34 years - Census : Completed tertiary qualification of Certificate III or above (no.),2021,904.0,433318,2.0862276665174306,During
Closing the Gap Target 6 - People aged 25-34 years - Census : Total applicable population aged 25-34 years (no.),2011,718.0,366055,1.9614538798814385,Pre
Closing the Gap Target 6 - People aged 25-34 years - Census : Total applicable population aged 25-34 years (no.),2016,887.0,400106,2.2169125181826814,Pre
Closing the Gap Target 6 - People aged 25-34 years - Census : Total applicable population aged 25-34 years (no.),2021,1352.0,433318,3.1201104039066,During
"Closing the Gap Target 7 - People aged 15-24 years - Census : Fully engaged in employment, education or training (no.)",2011,728.0,366055,1.9887721790441326,Pre
"Closing the Gap Target 7 - People aged 15-24 years - Census : Fully engaged in employment, education or training (no.)",2016,934.0,400106,2.334381388931933,Pre
"Closing the Gap Target 7 - People aged 15-24 years - Census : Fully engaged in employment, education or training (no.)",2021,1252.0,433318,2.889333007167946,During
Closing the Gap Target 7 - People aged 15-24 years - Census : Total applicable population aged 15-24 years (no.),2011,1081.0,366055,2.9531081394872354,Pre
Closing the Gap Target 7 - People aged 15-24 years - Census : Total applicable population aged 15-24 years (no.),2016,1285.0,400106,3.211648913038045,Pre
Closing the Gap Target 7 - People aged 15-24 years - Census : Total applicable population aged 15-24 years (no.),2021,1721.0,433318,3.9716789978722327,During
Closing the Gap Target 8 - People aged 25-64 years - Census : Employed (no.),2011,1490.0,366055,4.0704265752414255,Pre
Closing the Gap Target 8 - People aged 25-64 years - Census : Employed (no.),2016,1984.0,400106,4.958685948223721,Pre
Closing the Gap Target 8 - People aged 25-64 years - Census : Employed (no.),2021,2856.0,433318,6.591002450855954,During
Closing the Gap Target 8 - People aged 25-64 years - Census : Total applicable population aged 25-64 years (no.),2011,2105.0,366055,5.750501973747115,Pre
Closing the Gap Target 8 - People aged 25-64 years - Census : Total applicable population aged 25-64 years (no.),2016,2746.0,400106,6.863181256966904,Pre
Closing the Gap Target 8 - People aged 25-64 years - Census : Total applicable population aged 25-64 years (no.),2021,3798.0,433318,8.764925528134073,During
Closing the Gap Target 9A - Census : Living in a dwelling requiring four or more additional bedrooms (no.),2011,80.0,366055,0.21854639330155304,Pre
Closing the Gap Target 9A - Census : Living in a dwelling requiring four or more additional bedrooms (no.),2016,0.0,400106,0.0,Pre
Closing the Gap Target 9A - Census : Living in a dwelling requiring four or more additional bedrooms (no.),2021,15.0,433318,0.03461660951079808,During
Closing the Gap Target 9A - Census : Living in a dwelling requiring one additional bedroom (no.),2011,352.0,366055,0.9616041305268334,Pre
Closing the Gap Target 9A - Census : Living in a dwelling requiring one additional bedroom (no.),2016,333.0,400106,0.8322794459468241,Pre
Closing the Gap Target 9A - Census : Living in a dwelling requiring one additional bedroom (no.),2021,531.0,433318,1.2254279766822518,During
Closing the Gap Target 9A - Census : Living in a dwelling requiring three additional bedrooms (no.),2011,31.0,366055,0.0846867274043518,Pre
Closing the Gap Target 9A - Census : Living in a dwelling requiring three additional bedrooms (no.),2016,36.0,400106,0.08997615631857558,Pre
Closing the Gap Target 9A - Census : Living in a dwelling requiring three additional bedrooms (no.),2021,30.0,433318,0.06923321902159615,During
Closing the Gap Target 9A - Census : Living in a dwelling requiring two additional bedrooms (no.),2011,58.0,366055,0.15844613514362596,Pre
Closing the Gap Target 9A - Census : Living in a dwelling requiring two additional bedrooms (no.),2016,59.0,400106,0.14746092285544332,Pre
Closing the Gap Target 9A - Census : Living in a dwelling requiring two additional bedrooms (no.),2021,116.0,433318,0.26770178021683844,During
Closing the Gap Target 9A - Census : Living in a dwelling with no additional bedrooms required (appropriately sized) (no.),2011,3850.0,366055,10.51754517763724,Pre
Closing the Gap Target 9A - Census : Living in a dwelling with no additional bedrooms required (appropriately sized) (no.),2016,5076.0,400106,12.686638040919156,Pre
Closing the Gap Target 9A - Census : Living in a dwelling with no additional bedrooms required (appropriately sized) (no.),2021,6940.0,433318,16.015951333662578,During
Closing the Gap Target 9A - Census : Total people living in applicable dwellings (no.),2011,4366.0,366055,11.927169414432257,Pre
Closing the Gap Target 9A - Census : Total people living in applicable dwellings (no.),2016,5515.0,400106,13.783847280470676,Pre
Closing the Gap Target 9A - Census : Total people living in applicable dwellings (no.),2021,7615.0,433318,17.57369876164849,During
Labour force status - Census : Employed (no.),2011,2079.0,366055,5.679474395924109,Pre
Labour force status - Census : Employed (no.),2016,2705.0,400106,6.760708412270748,Pre
Labour force status - Census : Employed (no.),2021,3866.0,433318,8.921854157916357,During
Labour force status - Census : In the labour force (no.),2011,2294.0,366055,6.266817827922034,Pre
Labour force status - Census : In the labour force (no.),2016,2984.0,400106,7.4580236237397095,Pre
Labour force status - Census : In the labour force (no.),2021,4183.0,433318,9.65341850557789,During
Labour force status - Census : Total responding population aged 15-64 years (no.),2011,3208.0,366055,8.763710371392277,Pre
Labour force status - Census : Total responding population aged 15-64 years (no.),2016,4028.0,400106,10.0673321569784,Pre
Labour force status - Census : Total responding population aged 15-64 years (no.),2021,5550.0,433318,12.808145518995287,During
Labour force status - Census : Unemployed (no.),2011,168.0,366055,0.4589474259332614,Pre
Labour force status - Census : Unemployed (no.),2016,256.0,400106,0.639830444932093,Pre
Labour force status - Census : Unemployed (no.),2021,288.0,433318,0.6646389026073231,During
Tenure type - Census : Owner with or without a mortgage (or being purchased under a shared equity scheme) (no.),2011,1865.0,366055,5.094862793842455,Pre
Tenure type - Census : Owner with or without a mortgage (or being purchased under a shared equity scheme) (no.),2016,2594.0,400106,6.483281930288474,Pre
Tenure type - Census : Owner with or without a mortgage (or being purchased under a shared equity scheme) (no.),2021,3556.0,433318,8.20644422802653,During
Tenure type - Census : Renter (no.),2011,2645.0,366055,7.225690128532597,Pre
Tenure type - Census : Renter (no.),2016,3141.0,400106,7.850419638795719,Pre
Tenure type - Census : Renter (no.),2021,4379.0,433318,10.10574220318565,During
Unpaid assistance to a person with a disability - Census : Provided unpaid assistance (no.),2011,421.0,366055,1.1501003947494228,Pre
Unpaid assistance to a person with a disability - Census : Provided unpaid assistance (no.),2016,619.0,400106,1.5470900211443968,Pre
Unpaid assistance to a person with a disability - Census : Provided unpaid assistance (no.),2021,905.0,433318,2.0885354404848173,During
Unpaid child care - Census : Cared for other child/children (no.),2011,293.0,366055,0.800426165466938,Pre
Unpaid child care - Census : Cared for other child/children (no.),2016,340.0,400106,0.8497748096754361,Pre
Unpaid child care - Census : Cared for other child/children (no.),2021,443.0,433318,1.0223438675522365,During
Unpaid child care - Census : Cared for own child/children (no.),2011,701.0,366055,1.9150127713048586,Pre
Unpaid child care - Census : Cared for own child/children (no.),2016,941.0,400106,2.351876752660545,Pre
Unpaid child care - Census : Cared for own child/children (no.),2021,1175.0,433318,2.7116344116791824,During
Unpaid child care - Census : Did not provide unpaid child care (no.),2011,2123.0,366055,5.799674912239964,Pre
Unpaid child care - Census : Did not provide unpaid child care (no.),2016,2813.0,400106,7.030636881226475,Pre
Unpaid child care - Census : Did not provide unpaid child care (no.),2021,4140.0,433318,9.554184224980268,During
Unpaid child care - Census : Total provided unpaid child care (no.),2011,1081.0,366055,2.9531081394872354,Pre
Unpaid child care - Census : Total provided unpaid child care (no.),2016,1358.0,400106,3.394100563350712,Pre
Unpaid child care - Census : Total provided unpaid child care (no.),2021,1741.0,433318,4.017834477219964,During
Voluntary work for an organisation or group - Census : Volunteered for an organisation or group (no.),2011,631.0,366055,1.7237846771659997,Pre
Voluntary work for an organisation or group - Census : Volunteered for an organisation or group (no.),2016,920.0,400106,2.299390661474709,Pre
Voluntary work for an organisation or group - Census : Volunteered for an organisation or group (no.),2021,945.0,433318,2.180846399180279,During
