Region,Total Description,Year,Number,Population,Rate,Covid
Belconnen,Closing the Gap Target 5 - People aged 20-24 years - Census : Attained Year 12 or equivalent or Certificate III or above (no.),2011,100.0,95645,1.0455329604265775,Pre
Belconnen,Closing the Gap Target 5 - People aged 20-24 years - Census : Attained Year 12 or equivalent or Certificate III or above (no.),2016,136.0,97106,1.400531378081684,Pre
Belconnen,Closing the Gap Target 5 - People aged 20-24 years - Census : Attained Year 12 or equivalent or Certificate III or above (no.),2021,168.0,102131,1.6449461965514878,During
Belconnen,Closing the Gap Target 5 - People aged 20-24 years - Census : Total applicable population aged 20-24 years (no.),2011,137.0,95645,1.4323801557844111,Pre
Belconnen,Closing the Gap Target 5 - People aged 20-24 years - Census : Total applicable population aged 20-24 years (no.),2016,171.0,97106,1.760962247440941,Pre
Belconnen,Closing the Gap Target 5 - People aged 20-24 years - Census : Total applicable population aged 20-24 years (no.),2021,223.0,102131,2.183470248993939,During
Belconnen,Closing the Gap Target 6 - People aged 25-34 years - Census : Completed tertiary qualification of Certificate III or above (no.),2011,104.0,95645,1.0873542788436406,Pre
Belconnen,Closing the Gap Target 6 - People aged 25-34 years - Census : Completed tertiary qualification of Certificate III or above (no.),2016,151.0,97106,1.5550017506642226,Pre
Belconnen,Closing the Gap Target 6 - People aged 25-34 years - Census : Completed tertiary qualification of Certificate III or above (no.),2021,257.0,102131,2.5163760268674547,During
Belconnen,Closing the Gap Target 6 - People aged 25-34 years - Census : Total applicable population aged 25-34 years (no.),2011,178.0,95645,1.861048669559308,Pre
Belconnen,Closing the Gap Target 6 - People aged 25-34 years - Census : Total applicable population aged 25-34 years (no.),2016,240.0,97106,2.471525961320619,Pre
Belconnen,Closing the Gap Target 6 - People aged 25-34 years - Census : Total applicable population aged 25-34 years (no.),2021,357.0,102131,3.4955106676719114,During
Belconnen,"Closing the Gap Target 7 - People aged 15-24 years - Census : Fully engaged in employment, education or training (no.)",2011,166.0,95645,1.7355847143081187,Pre
Belconnen,"Closing the Gap Target 7 - People aged 15-24 years - Census : Fully engaged in employment, education or training (no.)",2016,203.0,97106,2.09049904228369,Pre
Belconnen,"Closing the Gap Target 7 - People aged 15-24 years - Census : Fully engaged in employment, education or training (no.)",2021,300.0,102131,2.9374039224133712,During
Belconnen,Closing the Gap Target 7 - People aged 15-24 years - Census : Total applicable population aged 15-24 years (no.),2011,266.0,95645,2.781117674734696,Pre
Belconnen,Closing the Gap Target 7 - People aged 15-24 years - Census : Total applicable population aged 15-24 years (no.),2016,310.0,97106,3.1923877000391325,Pre
Belconnen,Closing the Gap Target 7 - People aged 15-24 years - Census : Total applicable population aged 15-24 years (no.),2021,418.0,102131,4.09278279856263,During
Belconnen,Closing the Gap Target 8 - People aged 25-64 years - Census : Employed (no.),2011,328.0,95645,3.4293481101991743,Pre
Belconnen,Closing the Gap Target 8 - People aged 25-64 years - Census : Employed (no.),2016,500.0,97106,5.149012419417956,Pre
Belconnen,Closing the Gap Target 8 - People aged 25-64 years - Census : Employed (no.),2021,736.0,102131,7.206430956320804,During
Belconnen,Closing the Gap Target 8 - People aged 25-64 years - Census : Total applicable population aged 25-64 years (no.),2011,457.0,95645,4.77808562914946,Pre
Belconnen,Closing the Gap Target 8 - People aged 25-64 years - Census : Total applicable population aged 25-64 years (no.),2016,684.0,97106,7.043848989763764,Pre
Belconnen,Closing the Gap Target 8 - People aged 25-64 years - Census : Total applicable population aged 25-64 years (no.),2021,964.0,102131,9.438857937354966,During
Belconnen,Closing the Gap Target 9A - Census : Living in a dwelling requiring four or more additional bedrooms (no.),2011,0.0,95645,0.0,Pre
Belconnen,Closing the Gap Target 9A - Census : Living in a dwelling requiring four or more additional bedrooms (no.),2016,0.0,97106,0.0,Pre
Belconnen,Closing the Gap Target 9A - Census : Living in a dwelling requiring four or more additional bedrooms (no.),2021,15.0,102131,0.14687019612066854,During
Belconnen,Closing the Gap Target 9A - Census : Living in a dwelling requiring one additional bedroom (no.),2011,70.0,95645,0.7318730722986042,Pre
Belconnen,Closing the Gap Target 9A - Census : Living in a dwelling requiring one additional bedroom (no.),2016,58.0,97106,0.5972854406524829,Pre
Belconnen,Closing the Gap Target 9A - Census : Living in a dwelling requiring one additional bedroom (no.),2021,135.0,102131,1.321831765086017,During
Belconnen,Closing the Gap Target 9A - Census : Living in a dwelling requiring three additional bedrooms (no.),2011,0.0,95645,0.0,Pre
Belconnen,Closing the Gap Target 9A - Census : Living in a dwelling requiring three additional bedrooms (no.),2016,11.0,97106,0.11327827322719503,Pre
Belconnen,Closing the Gap Target 9A - Census : Living in a dwelling requiring three additional bedrooms (no.),2021,0.0,102131,0.0,During
Belconnen,Closing the Gap Target 9A - Census : Living in a dwelling requiring two additional bedrooms (no.),2011,9.0,95645,0.09409796643839198,Pre
Belconnen,Closing the Gap Target 9A - Census : Living in a dwelling requiring two additional bedrooms (no.),2016,23.0,97106,0.23685457129322599,Pre
Belconnen,Closing the Gap Target 9A - Census : Living in a dwelling requiring two additional bedrooms (no.),2021,33.0,102131,0.3231144314654708,During
Belconnen,Closing the Gap Target 9A - Census : Living in a dwelling with no additional bedrooms required (appropriately sized) (no.),2011,912.0,95645,9.535260599090387,Pre
Belconnen,Closing the Gap Target 9A - Census : Living in a dwelling with no additional bedrooms required (appropriately sized) (no.),2016,1320.0,97106,13.593392787263404,Pre
Belconnen,Closing the Gap Target 9A - Census : Living in a dwelling with no additional bedrooms required (appropriately sized) (no.),2021,1743.0,102131,17.066316789221688,During
Belconnen,Closing the Gap Target 9A - Census : Total people living in applicable dwellings (no.),2011,987.0,95645,10.31941031941032,Pre
Belconnen,Closing the Gap Target 9A - Census : Total people living in applicable dwellings (no.),2016,1415.0,97106,14.571705146952816,Pre
Belconnen,Closing the Gap Target 9A - Census : Total people living in applicable dwellings (no.),2021,1936.0,102131,18.956046645974286,During
Belconnen,Labour force status - Census : Employed (no.),2011,502.0,95645,5.248575461341419,Pre
Belconnen,Labour force status - Census : Employed (no.),2016,683.0,97106,7.0335509649249275,Pre
Belconnen,Labour force status - Census : Employed (no.),2021,987.0,102131,9.66405890473999,During
Belconnen,Labour force status - Census : In the labour force (no.),2011,552.0,95645,5.771341941554708,Pre
Belconnen,Labour force status - Census : In the labour force (no.),2016,755.0,97106,7.775008753321114,Pre
Belconnen,Labour force status - Census : In the labour force (no.),2021,1073.0,102131,10.506114695831824,During
Belconnen,Labour force status - Census : Total responding population aged 15-64 years (no.),2011,738.0,95645,7.7160332479481415,Pre
Belconnen,Labour force status - Census : Total responding population aged 15-64 years (no.),2016,1009.0,97106,10.390707062385435,Pre
Belconnen,Labour force status - Census : Total responding population aged 15-64 years (no.),2021,1403.0,102131,13.737259010486532,During
Belconnen,Labour force status - Census : Unemployed (no.),2011,36.0,95645,0.3763918657535679,Pre
Belconnen,Labour force status - Census : Unemployed (no.),2016,73.0,97106,0.7517558132350216,Pre
Belconnen,Labour force status - Census : Unemployed (no.),2021,60.0,102131,0.5874807844826742,During
Belconnen,Tenure type - Census : Owner with or without a mortgage (or being purchased under a shared equity scheme) (no.),2011,453.0,95645,4.736264310732396,Pre
Belconnen,Tenure type - Census : Owner with or without a mortgage (or being purchased under a shared equity scheme) (no.),2016,690.0,97106,7.105637138796779,Pre
Belconnen,Tenure type - Census : Owner with or without a mortgage (or being purchased under a shared equity scheme) (no.),2021,956.0,102131,9.360527166090609,During
Belconnen,Tenure type - Census : Renter (no.),2011,585.0,95645,6.116367818495478,Pre
Belconnen,Tenure type - Census : Renter (no.),2016,768.0,97106,7.9088830762259805,Pre
Belconnen,Tenure type - Census : Renter (no.),2021,1058.0,102131,10.359244499711155,During
Belconnen,Unpaid assistance to a person with a disability - Census : Provided unpaid assistance (no.),2011,100.0,95645,1.0455329604265775,Pre
Belconnen,Unpaid assistance to a person with a disability - Census : Provided unpaid assistance (no.),2016,163.0,97106,1.6785780487302537,Pre
Belconnen,Unpaid assistance to a person with a disability - Census : Provided unpaid assistance (no.),2021,246.0,102131,2.408671216378964,During
Belconnen,Unpaid child care - Census : Cared for other child/children (no.),2011,73.0,95645,0.7632390611114016,Pre
Belconnen,Unpaid child care - Census : Cared for other child/children (no.),2016,74.0,97106,0.7620538380738575,Pre
Belconnen,Unpaid child care - Census : Cared for other child/children (no.),2021,124.0,102131,1.2141269545975266,During
Belconnen,Unpaid child care - Census : Cared for own child/children (no.),2011,161.0,95645,1.6833080662867899,Pre
Belconnen,Unpaid child care - Census : Cared for own child/children (no.),2016,266.0,97106,2.7392746071303526,Pre
Belconnen,Unpaid child care - Census : Cared for own child/children (no.),2021,324.0,102131,3.1723962362064406,During
Belconnen,Unpaid child care - Census : Did not provide unpaid child care (no.),2011,502.0,95645,5.248575461341419,Pre
Belconnen,Unpaid child care - Census : Did not provide unpaid child care (no.),2016,696.0,97106,7.167425287829794,Pre
Belconnen,Unpaid child care - Census : Did not provide unpaid child care (no.),2021,979.0,102131,9.585728133475634,During
Belconnen,Unpaid child care - Census : Total provided unpaid child care (no.),2011,261.0,95645,2.728841026713367,Pre
Belconnen,Unpaid child care - Census : Total provided unpaid child care (no.),2016,348.0,97106,3.583712643914897,Pre
Belconnen,Unpaid child care - Census : Total provided unpaid child care (no.),2021,476.0,102131,4.660680890229216,During
Belconnen,Voluntary work for an organisation or group - Census : Volunteered for an organisation or group (no.),2011,162.0,95645,1.6937633958910556,Pre
Belconnen,Voluntary work for an organisation or group - Census : Volunteered for an organisation or group (no.),2016,196.0,97106,2.0184128684118385,Pre
Belconnen,Voluntary work for an organisation or group - Census : Volunteered for an organisation or group (no.),2021,274.0,102131,2.6828289158042122,During
Gungahlin,Closing the Gap Target 5 - People aged 20-24 years - Census : Attained Year 12 or equivalent or Certificate III or above (no.),2011,30.0,48334,0.6206810940538751,Pre
Gungahlin,Closing the Gap Target 5 - People aged 20-24 years - Census : Attained Year 12 or equivalent or Certificate III or above (no.),2016,61.0,71582,0.8521695398284486,Pre
Gungahlin,Closing the Gap Target 5 - People aged 20-24 years - Census : Attained Year 12 or equivalent or Certificate III or above (no.),2021,122.0,77021,1.5839835888913414,During
Gungahlin,Closing the Gap Target 5 - People aged 20-24 years - Census : Total applicable population aged 20-24 years (no.),2011,64.0,48334,1.3241196673149336,Pre
Gungahlin,Closing the Gap Target 5 - People aged 20-24 years - Census : Total applicable population aged 20-24 years (no.),2016,79.0,71582,1.103629404040122,Pre
Gungahlin,Closing the Gap Target 5 - People aged 20-24 years - Census : Total applicable population aged 20-24 years (no.),2021,140.0,77021,1.8176860856130146,During
Gungahlin,Closing the Gap Target 6 - People aged 25-34 years - Census : Completed tertiary qualification of Certificate III or above (no.),2011,58.0,48334,1.1999834485041585,Pre
Gungahlin,Closing the Gap Target 6 - People aged 25-34 years - Census : Completed tertiary qualification of Certificate III or above (no.),2016,101.0,71582,1.4109692380766115,Pre
Gungahlin,Closing the Gap Target 6 - People aged 25-34 years - Census : Completed tertiary qualification of Certificate III or above (no.),2021,161.0,77021,2.0903389984549667,During
Gungahlin,Closing the Gap Target 6 - People aged 25-34 years - Census : Total applicable population aged 25-34 years (no.),2011,93.0,48334,1.9241113915670127,Pre
Gungahlin,Closing the Gap Target 6 - People aged 25-34 years - Census : Total applicable population aged 25-34 years (no.),2016,136.0,71582,1.899918974043754,Pre
Gungahlin,Closing the Gap Target 6 - People aged 25-34 years - Census : Total applicable population aged 25-34 years (no.),2021,209.0,77021,2.713545656379429,During
Gungahlin,"Closing the Gap Target 7 - People aged 15-24 years - Census : Fully engaged in employment, education or training (no.)",2011,73.0,48334,1.510323995531096,Pre
Gungahlin,"Closing the Gap Target 7 - People aged 15-24 years - Census : Fully engaged in employment, education or training (no.)",2016,150.0,71582,2.095498868430611,Pre
Gungahlin,"Closing the Gap Target 7 - People aged 15-24 years - Census : Fully engaged in employment, education or training (no.)",2021,182.0,77021,2.362991911296919,During
Gungahlin,Closing the Gap Target 7 - People aged 15-24 years - Census : Total applicable population aged 15-24 years (no.),2011,95.0,48334,1.9654901311706043,Pre
Gungahlin,Closing the Gap Target 7 - People aged 15-24 years - Census : Total applicable population aged 15-24 years (no.),2016,185.0,71582,2.5844486043977537,Pre
Gungahlin,Closing the Gap Target 7 - People aged 15-24 years - Census : Total applicable population aged 15-24 years (no.),2021,281.0,77021,3.648355643266122,During
Gungahlin,Closing the Gap Target 8 - People aged 25-64 years - Census : Employed (no.),2011,181.0,48334,3.7447759341250464,Pre
Gungahlin,Closing the Gap Target 8 - People aged 25-64 years - Census : Employed (no.),2016,320.0,71582,4.470397585985304,Pre
Gungahlin,Closing the Gap Target 8 - People aged 25-64 years - Census : Employed (no.),2021,453.0,77021,5.881512834162112,During
Gungahlin,Closing the Gap Target 8 - People aged 25-64 years - Census : Total applicable population aged 25-64 years (no.),2011,215.0,48334,4.448214507386105,Pre
Gungahlin,Closing the Gap Target 8 - People aged 25-64 years - Census : Total applicable population aged 25-64 years (no.),2016,397.0,71582,5.5460870051130176,Pre
Gungahlin,Closing the Gap Target 8 - People aged 25-64 years - Census : Total applicable population aged 25-64 years (no.),2021,566.0,77021,7.348645174692616,During
Gungahlin,Closing the Gap Target 9A - Census : Living in a dwelling requiring four or more additional bedrooms (no.),2011,0.0,48334,0.0,Pre
Gungahlin,Closing the Gap Target 9A - Census : Living in a dwelling requiring four or more additional bedrooms (no.),2016,0.0,71582,0.0,Pre
Gungahlin,Closing the Gap Target 9A - Census : Living in a dwelling requiring four or more additional bedrooms (no.),2021,0.0,77021,0.0,During
Gungahlin,Closing the Gap Target 9A - Census : Living in a dwelling requiring one additional bedroom (no.),2011,31.0,48334,0.6413704638556709,Pre
Gungahlin,Closing the Gap Target 9A - Census : Living in a dwelling requiring one additional bedroom (no.),2016,51.0,71582,0.7124696152664078,Pre
Gungahlin,Closing the Gap Target 9A - Census : Living in a dwelling requiring one additional bedroom (no.),2021,33.0,77021,0.42845457732306774,During
Gungahlin,Closing the Gap Target 9A - Census : Living in a dwelling requiring three additional bedrooms (no.),2011,8.0,48334,0.1655149584143667,Pre
Gungahlin,Closing the Gap Target 9A - Census : Living in a dwelling requiring three additional bedrooms (no.),2016,12.0,71582,0.1676399094744489,Pre
Gungahlin,Closing the Gap Target 9A - Census : Living in a dwelling requiring three additional bedrooms (no.),2021,3.0,77021,0.038950416120278886,During
Gungahlin,Closing the Gap Target 9A - Census : Living in a dwelling requiring two additional bedrooms (no.),2011,7.0,48334,0.14482558861257086,Pre
Gungahlin,Closing the Gap Target 9A - Census : Living in a dwelling requiring two additional bedrooms (no.),2016,11.0,71582,0.1536699170182448,Pre
Gungahlin,Closing the Gap Target 9A - Census : Living in a dwelling requiring two additional bedrooms (no.),2021,20.0,77021,0.2596694408018592,During
Gungahlin,Closing the Gap Target 9A - Census : Living in a dwelling with no additional bedrooms required (appropriately sized) (no.),2011,482.0,48334,9.972276244465593,Pre
Gungahlin,Closing the Gap Target 9A - Census : Living in a dwelling with no additional bedrooms required (appropriately sized) (no.),2016,785.0,71582,10.9664440781202,Pre
Gungahlin,Closing the Gap Target 9A - Census : Living in a dwelling with no additional bedrooms required (appropriately sized) (no.),2021,1104.0,77021,14.333753132262629,During
Gungahlin,Closing the Gap Target 9A - Census : Total people living in applicable dwellings (no.),2011,521.0,48334,10.77916166673563,Pre
Gungahlin,Closing the Gap Target 9A - Census : Total people living in applicable dwellings (no.),2016,866.0,71582,12.098013467072729,Pre
Gungahlin,Closing the Gap Target 9A - Census : Total people living in applicable dwellings (no.),2021,1165.0,77021,15.1257449267083,During
Gungahlin,Labour force status - Census : Employed (no.),2011,230.0,48334,4.758555054413042,Pre
Gungahlin,Labour force status - Census : Employed (no.),2016,442.0,71582,6.174736665642201,Pre
Gungahlin,Labour force status - Census : Employed (no.),2021,609.0,77021,7.906934472416614,During
Gungahlin,Labour force status - Census : In the labour force (no.),2011,254.0,48334,5.255099929656143,Pre
Gungahlin,Labour force status - Census : In the labour force (no.),2016,472.0,71582,6.5938364393283235,Pre
Gungahlin,Labour force status - Census : In the labour force (no.),2021,664.0,77021,8.621025434621727,During
Gungahlin,Labour force status - Census : Total responding population aged 15-64 years (no.),2011,326.0,48334,6.744734555385443,Pre
Gungahlin,Labour force status - Census : Total responding population aged 15-64 years (no.),2016,575.0,71582,8.032745662317343,Pre
Gungahlin,Labour force status - Census : Total responding population aged 15-64 years (no.),2021,835.0,77021,10.841199153477623,During
Gungahlin,Labour force status - Census : Unemployed (no.),2011,17.0,48334,0.3517192866305292,Pre
Gungahlin,Labour force status - Census : Unemployed (no.),2016,27.0,71582,0.37718979631751004,Pre
Gungahlin,Labour force status - Census : Unemployed (no.),2021,42.0,77021,0.5453058256839044,During
Gungahlin,Tenure type - Census : Owner with or without a mortgage (or being purchased under a shared equity scheme) (no.),2011,202.0,48334,4.179252699962759,Pre
Gungahlin,Tenure type - Census : Owner with or without a mortgage (or being purchased under a shared equity scheme) (no.),2016,395.0,71582,5.51814702020061,Pre
Gungahlin,Tenure type - Census : Owner with or without a mortgage (or being purchased under a shared equity scheme) (no.),2021,498.0,77021,6.4657690759662945,During
Gungahlin,Tenure type - Census : Renter (no.),2011,321.0,48334,6.641287706376463,Pre
Gungahlin,Tenure type - Census : Renter (no.),2016,496.0,71582,6.929116258277221,Pre
Gungahlin,Tenure type - Census : Renter (no.),2021,729.0,77021,9.46495111722777,During
Gungahlin,Unpaid assistance to a person with a disability - Census : Provided unpaid assistance (no.),2011,30.0,48334,0.6206810940538751,Pre
Gungahlin,Unpaid assistance to a person with a disability - Census : Provided unpaid assistance (no.),2016,75.0,71582,1.0477494342153055,Pre
Gungahlin,Unpaid assistance to a person with a disability - Census : Provided unpaid assistance (no.),2021,105.0,77021,1.363264564209761,During
Gungahlin,Unpaid child care - Census : Cared for other child/children (no.),2011,20.0,48334,0.41378739603591674,Pre
Gungahlin,Unpaid child care - Census : Cared for other child/children (no.),2016,50.0,71582,0.6984996228102037,Pre
Gungahlin,Unpaid child care - Census : Cared for other child/children (no.),2021,63.0,77021,0.8179587385258565,During
Gungahlin,Unpaid child care - Census : Cared for own child/children (no.),2011,80.0,48334,1.655149584143667,Pre
Gungahlin,Unpaid child care - Census : Cared for own child/children (no.),2016,155.0,71582,2.1653488307116318,Pre
Gungahlin,Unpaid child care - Census : Cared for own child/children (no.),2021,178.0,77021,2.311058023136547,During
Gungahlin,Unpaid child care - Census : Did not provide unpaid child care (no.),2011,176.0,48334,3.6413290851160673,Pre
Gungahlin,Unpaid child care - Census : Did not provide unpaid child care (no.),2016,353.0,71582,4.931407337040039,Pre
Gungahlin,Unpaid child care - Census : Did not provide unpaid child care (no.),2021,633.0,77021,8.218537801378845,During
Gungahlin,Unpaid child care - Census : Total provided unpaid child care (no.),2011,115.0,48334,2.379277527206521,Pre
Gungahlin,Unpaid child care - Census : Total provided unpaid child care (no.),2016,228.0,71582,3.1851582800145293,Pre
Gungahlin,Unpaid child care - Census : Total provided unpaid child care (no.),2021,247.0,77021,3.2069175939029617,During
Gungahlin,Voluntary work for an organisation or group - Census : Volunteered for an organisation or group (no.),2011,68.0,48334,1.4068771465221168,Pre
Gungahlin,Voluntary work for an organisation or group - Census : Volunteered for an organisation or group (no.),2016,138.0,71582,1.9278589589561623,Pre
Gungahlin,Voluntary work for an organisation or group - Census : Volunteered for an organisation or group (no.),2021,135.0,77021,1.75276872541255,During
Inner North,Closing the Gap Target 5 - People aged 20-24 years - Census : Attained Year 12 or equivalent or Certificate III or above (no.),2011,50.0,50087,0.9982630223411264,Pre
Inner North,Closing the Gap Target 5 - People aged 20-24 years - Census : Attained Year 12 or equivalent or Certificate III or above (no.),2016,69.0,54528,1.2654049295774648,Pre
Inner North,Closing the Gap Target 5 - People aged 20-24 years - Census : Attained Year 12 or equivalent or Certificate III or above (no.),2021,109.0,61455,1.7736555202994062,During
Inner North,Closing the Gap Target 5 - People aged 20-24 years - Census : Total applicable population aged 20-24 years (no.),2011,66.0,50087,1.3177071894902868,Pre
Inner North,Closing the Gap Target 5 - People aged 20-24 years - Census : Total applicable population aged 20-24 years (no.),2016,94.0,54528,1.7238849765258217,Pre
Inner North,Closing the Gap Target 5 - People aged 20-24 years - Census : Total applicable population aged 20-24 years (no.),2021,119.0,61455,1.9363762102351314,During
Inner North,Closing the Gap Target 6 - People aged 25-34 years - Census : Completed tertiary qualification of Certificate III or above (no.),2011,39.0,50087,0.7786451574260785,Pre
Inner North,Closing the Gap Target 6 - People aged 25-34 years - Census : Completed tertiary qualification of Certificate III or above (no.),2016,90.0,54528,1.6505281690140845,Pre
Inner North,Closing the Gap Target 6 - People aged 25-34 years - Census : Completed tertiary qualification of Certificate III or above (no.),2021,107.0,61455,1.741111382312261,During
Inner North,Closing the Gap Target 6 - People aged 25-34 years - Census : Total applicable population aged 25-34 years (no.),2011,97.0,50087,1.9366302633417851,Pre
Inner North,Closing the Gap Target 6 - People aged 25-34 years - Census : Total applicable population aged 25-34 years (no.),2016,129.0,54528,2.365757042253521,Pre
Inner North,Closing the Gap Target 6 - People aged 25-34 years - Census : Total applicable population aged 25-34 years (no.),2021,165.0,61455,2.684891383939468,During
Inner North,"Closing the Gap Target 7 - People aged 15-24 years - Census : Fully engaged in employment, education or training (no.)",2011,88.0,50087,1.7569429193203825,Pre
Inner North,"Closing the Gap Target 7 - People aged 15-24 years - Census : Fully engaged in employment, education or training (no.)",2016,109.0,54528,1.9989730046948357,Pre
Inner North,"Closing the Gap Target 7 - People aged 15-24 years - Census : Fully engaged in employment, education or training (no.)",2021,195.0,61455,3.173053453746644,During
Inner North,Closing the Gap Target 7 - People aged 15-24 years - Census : Total applicable population aged 15-24 years (no.),2011,123.0,50087,2.4557270349591707,Pre
Inner North,Closing the Gap Target 7 - People aged 15-24 years - Census : Total applicable population aged 15-24 years (no.),2016,148.0,54528,2.7142018779342725,Pre
Inner North,Closing the Gap Target 7 - People aged 15-24 years - Census : Total applicable population aged 15-24 years (no.),2021,219.0,61455,3.563583109592385,During
Inner North,Closing the Gap Target 8 - People aged 25-64 years - Census : Employed (no.),2011,155.0,50087,3.094615369257492,Pre
Inner North,Closing the Gap Target 8 - People aged 25-64 years - Census : Employed (no.),2016,195.0,54528,3.576144366197183,Pre
Inner North,Closing the Gap Target 8 - People aged 25-64 years - Census : Employed (no.),2021,309.0,61455,5.0280693190139125,During
Inner North,Closing the Gap Target 8 - People aged 25-64 years - Census : Total applicable population aged 25-64 years (no.),2011,253.0,50087,5.0512108930460995,Pre
Inner North,Closing the Gap Target 8 - People aged 25-64 years - Census : Total applicable population aged 25-64 years (no.),2016,308.0,54528,5.648474178403756,Pre
Inner North,Closing the Gap Target 8 - People aged 25-64 years - Census : Total applicable population aged 25-64 years (no.),2021,419.0,61455,6.817996908306891,During
Inner North,Closing the Gap Target 9A - Census : Living in a dwelling requiring four or more additional bedrooms (no.),2011,22.0,50087,0.4392357298300956,Pre
Inner North,Closing the Gap Target 9A - Census : Living in a dwelling requiring four or more additional bedrooms (no.),2016,0.0,54528,0.0,Pre
Inner North,Closing the Gap Target 9A - Census : Living in a dwelling requiring four or more additional bedrooms (no.),2021,0.0,61455,0.0,During
Inner North,Closing the Gap Target 9A - Census : Living in a dwelling requiring one additional bedroom (no.),2011,31.0,50087,0.6189230738514984,Pre
Inner North,Closing the Gap Target 9A - Census : Living in a dwelling requiring one additional bedroom (no.),2016,47.0,54528,0.8619424882629109,Pre
Inner North,Closing the Gap Target 9A - Census : Living in a dwelling requiring one additional bedroom (no.),2021,35.0,61455,0.5695224147750386,During
Inner North,Closing the Gap Target 9A - Census : Living in a dwelling requiring three additional bedrooms (no.),2011,5.0,50087,0.09982630223411264,Pre
Inner North,Closing the Gap Target 9A - Census : Living in a dwelling requiring three additional bedrooms (no.),2016,0.0,54528,0.0,Pre
Inner North,Closing the Gap Target 9A - Census : Living in a dwelling requiring three additional bedrooms (no.),2021,6.0,61455,0.0976324139614352,During
Inner North,Closing the Gap Target 9A - Census : Living in a dwelling requiring two additional bedrooms (no.),2011,4.0,50087,0.07986104178729012,Pre
Inner North,Closing the Gap Target 9A - Census : Living in a dwelling requiring two additional bedrooms (no.),2016,6.0,54528,0.11003521126760564,Pre
Inner North,Closing the Gap Target 9A - Census : Living in a dwelling requiring two additional bedrooms (no.),2021,5.0,61455,0.08136034496786267,During
Inner North,Closing the Gap Target 9A - Census : Living in a dwelling with no additional bedrooms required (appropriately sized) (no.),2011,366.0,50087,7.307285323537045,Pre
Inner North,Closing the Gap Target 9A - Census : Living in a dwelling with no additional bedrooms required (appropriately sized) (no.),2016,429.0,54528,7.867517605633803,Pre
Inner North,Closing the Gap Target 9A - Census : Living in a dwelling with no additional bedrooms required (appropriately sized) (no.),2021,663.0,61455,10.78838174273859,During
Inner North,Closing the Gap Target 9A - Census : Total people living in applicable dwellings (no.),2011,423.0,50087,8.445305169005929,Pre
Inner North,Closing the Gap Target 9A - Census : Total people living in applicable dwellings (no.),2016,483.0,54528,8.857834507042254,Pre
Inner North,Closing the Gap Target 9A - Census : Total people living in applicable dwellings (no.),2021,720.0,61455,11.715889675372225,During
Inner North,Labour force status - Census : Employed (no.),2011,221.0,50087,4.412322558747778,Pre
Inner North,Labour force status - Census : Employed (no.),2016,277.0,54528,5.079958920187794,Pre
Inner North,Labour force status - Census : Employed (no.),2021,459.0,61455,7.468879668049793,During
Inner North,Labour force status - Census : In the labour force (no.),2011,233.0,50087,4.651905684109649,Pre
Inner North,Labour force status - Census : In the labour force (no.),2016,315.0,54528,5.776848591549296,Pre
Inner North,Labour force status - Census : In the labour force (no.),2021,479.0,61455,7.794321047921243,During
Inner North,Labour force status - Census : Total responding population aged 15-64 years (no.),2011,375.0,50087,7.486972667558447,Pre
Inner North,Labour force status - Census : Total responding population aged 15-64 years (no.),2016,435.0,54528,7.977552816901409,Pre
Inner North,Labour force status - Census : Total responding population aged 15-64 years (no.),2021,639.0,61455,10.397852086892849,During
Inner North,Labour force status - Census : Unemployed (no.),2011,19.0,50087,0.37933994848962804,Pre
Inner North,Labour force status - Census : Unemployed (no.),2016,26.0,54528,0.47681924882629106,Pre
Inner North,Labour force status - Census : Unemployed (no.),2021,30.0,61455,0.48816206980717597,During
Inner North,Tenure type - Census : Owner with or without a mortgage (or being purchased under a shared equity scheme) (no.),2011,107.0,50087,2.1362828678100105,Pre
Inner North,Tenure type - Census : Owner with or without a mortgage (or being purchased under a shared equity scheme) (no.),2016,166.0,54528,3.0443075117370895,Pre
Inner North,Tenure type - Census : Owner with or without a mortgage (or being purchased under a shared equity scheme) (no.),2021,259.0,61455,4.214465869335286,During
Inner North,Tenure type - Census : Renter (no.),2011,322.0,50087,6.4288138638768535,Pre
Inner North,Tenure type - Census : Renter (no.),2016,358.0,54528,6.56543427230047,Pre
Inner North,Tenure type - Census : Renter (no.),2021,480.0,61455,7.8105931169148155,During
Inner North,Unpaid assistance to a person with a disability - Census : Provided unpaid assistance (no.),2011,62.0,50087,1.2378461477029967,Pre
Inner North,Unpaid assistance to a person with a disability - Census : Provided unpaid assistance (no.),2016,48.0,54528,0.8802816901408451,Pre
Inner North,Unpaid assistance to a person with a disability - Census : Provided unpaid assistance (no.),2021,98.0,61455,1.5946627613701083,During
Inner North,Unpaid child care - Census : Cared for other child/children (no.),2011,26.0,50087,0.5190967716173858,Pre
Inner North,Unpaid child care - Census : Cared for other child/children (no.),2016,27.0,54528,0.4951584507042254,Pre
Inner North,Unpaid child care - Census : Cared for other child/children (no.),2021,47.0,61455,0.7647872426979091,During
Inner North,Unpaid child care - Census : Cared for own child/children (no.),2011,67.0,50087,1.3376724499371093,Pre
Inner North,Unpaid child care - Census : Cared for own child/children (no.),2016,71.0,54528,1.3020833333333333,Pre
Inner North,Unpaid child care - Census : Cared for own child/children (no.),2021,74.0,61455,1.2041331055243674,During
Inner North,Unpaid child care - Census : Did not provide unpaid child care (no.),2011,289.0,50087,5.76996026913171,Pre
Inner North,Unpaid child care - Census : Did not provide unpaid child care (no.),2016,349.0,54528,6.400381455399061,Pre
Inner North,Unpaid child care - Census : Did not provide unpaid child care (no.),2021,543.0,61455,8.835733463509886,During
Inner North,Unpaid child care - Census : Total provided unpaid child care (no.),2011,97.0,50087,1.9366302633417851,Pre
Inner North,Unpaid child care - Census : Total provided unpaid child care (no.),2016,101.0,54528,1.8522593896713615,Pre
Inner North,Unpaid child care - Census : Total provided unpaid child care (no.),2021,126.0,61455,2.0502806931901394,During
Inner North,Voluntary work for an organisation or group - Census : Volunteered for an organisation or group (no.),2011,89.0,50087,1.776908179767205,Pre
Inner North,Voluntary work for an organisation or group - Census : Volunteered for an organisation or group (no.),2016,128.0,54528,2.347417840375587,Pre
Inner North,Voluntary work for an organisation or group - Census : Volunteered for an organisation or group (no.),2021,139.0,61455,2.261817590106582,During
Inner South,Closing the Gap Target 5 - People aged 20-24 years - Census : Attained Year 12 or equivalent or Certificate III or above (no.),2011,19.0,25216,0.753489847715736,Pre
Inner South,Closing the Gap Target 5 - People aged 20-24 years - Census : Attained Year 12 or equivalent or Certificate III or above (no.),2016,20.0,27757,0.720538963144432,Pre
Inner South,Closing the Gap Target 5 - People aged 20-24 years - Census : Attained Year 12 or equivalent or Certificate III or above (no.),2021,28.0,31498,0.8889453298622134,During
Inner South,Closing the Gap Target 5 - People aged 20-24 years - Census : Total applicable population aged 20-24 years (no.),2011,41.0,25216,1.6259517766497462,Pre
Inner South,Closing the Gap Target 5 - People aged 20-24 years - Census : Total applicable population aged 20-24 years (no.),2016,23.0,27757,0.8286198076160968,Pre
Inner South,Closing the Gap Target 5 - People aged 20-24 years - Census : Total applicable population aged 20-24 years (no.),2021,38.0,31498,1.2064258048130039,During
Inner South,Closing the Gap Target 6 - People aged 25-34 years - Census : Completed tertiary qualification of Certificate III or above (no.),2011,20.0,25216,0.7931472081218274,Pre
Inner South,Closing the Gap Target 6 - People aged 25-34 years - Census : Completed tertiary qualification of Certificate III or above (no.),2016,39.0,27757,1.4050509781316425,Pre
Inner South,Closing the Gap Target 6 - People aged 25-34 years - Census : Completed tertiary qualification of Certificate III or above (no.),2021,60.0,31498,1.9048828497047432,During
Inner South,Closing the Gap Target 6 - People aged 25-34 years - Census : Total applicable population aged 25-34 years (no.),2011,62.0,25216,2.458756345177665,Pre
Inner South,Closing the Gap Target 6 - People aged 25-34 years - Census : Total applicable population aged 25-34 years (no.),2016,49.0,27757,1.7653204597038583,Pre
Inner South,Closing the Gap Target 6 - People aged 25-34 years - Census : Total applicable population aged 25-34 years (no.),2021,80.0,31498,2.539843799606324,During
Inner South,"Closing the Gap Target 7 - People aged 15-24 years - Census : Fully engaged in employment, education or training (no.)",2011,49.0,25216,1.943210659898477,Pre
Inner South,"Closing the Gap Target 7 - People aged 15-24 years - Census : Fully engaged in employment, education or training (no.)",2016,35.0,27757,1.260943185502756,Pre
Inner South,"Closing the Gap Target 7 - People aged 15-24 years - Census : Fully engaged in employment, education or training (no.)",2021,67.0,31498,2.1271191821702966,During
Inner South,Closing the Gap Target 7 - People aged 15-24 years - Census : Total applicable population aged 15-24 years (no.),2011,82.0,25216,3.2519035532994924,Pre
Inner South,Closing the Gap Target 7 - People aged 15-24 years - Census : Total applicable population aged 15-24 years (no.),2016,55.0,27757,1.981482148647188,Pre
Inner South,Closing the Gap Target 7 - People aged 15-24 years - Census : Total applicable population aged 15-24 years (no.),2021,82.0,31498,2.6033398945964823,During
Inner South,Closing the Gap Target 8 - People aged 25-64 years - Census : Employed (no.),2011,94.0,25216,3.7277918781725887,Pre
Inner South,Closing the Gap Target 8 - People aged 25-64 years - Census : Employed (no.),2016,104.0,27757,3.746802608351046,Pre
Inner South,Closing the Gap Target 8 - People aged 25-64 years - Census : Employed (no.),2021,146.0,31498,4.635214934281541,During
Inner South,Closing the Gap Target 8 - People aged 25-64 years - Census : Total applicable population aged 25-64 years (no.),2011,161.0,25216,6.384835025380711,Pre
Inner South,Closing the Gap Target 8 - People aged 25-64 years - Census : Total applicable population aged 25-64 years (no.),2016,157.0,27757,5.656230860683791,Pre
Inner South,Closing the Gap Target 8 - People aged 25-64 years - Census : Total applicable population aged 25-64 years (no.),2021,211.0,31498,6.69883802146168,During
Inner South,Closing the Gap Target 9A - Census : Living in a dwelling requiring four or more additional bedrooms (no.),2011,11.0,25216,0.43623096446700504,Pre
Inner South,Closing the Gap Target 9A - Census : Living in a dwelling requiring four or more additional bedrooms (no.),2016,0.0,27757,0.0,Pre
Inner South,Closing the Gap Target 9A - Census : Living in a dwelling requiring four or more additional bedrooms (no.),2021,0.0,31498,0.0,During
Inner South,Closing the Gap Target 9A - Census : Living in a dwelling requiring one additional bedroom (no.),2011,19.0,25216,0.753489847715736,Pre
Inner South,Closing the Gap Target 9A - Census : Living in a dwelling requiring one additional bedroom (no.),2016,23.0,27757,0.8286198076160968,Pre
Inner South,Closing the Gap Target 9A - Census : Living in a dwelling requiring one additional bedroom (no.),2021,19.0,31498,0.6032129024065019,During
Inner South,Closing the Gap Target 9A - Census : Living in a dwelling requiring three additional bedrooms (no.),2011,3.0,25216,0.1189720812182741,Pre
Inner South,Closing the Gap Target 9A - Census : Living in a dwelling requiring three additional bedrooms (no.),2016,5.0,27757,0.180134740786108,Pre
Inner South,Closing the Gap Target 9A - Census : Living in a dwelling requiring three additional bedrooms (no.),2021,0.0,31498,0.0,During
Inner South,Closing the Gap Target 9A - Census : Living in a dwelling requiring two additional bedrooms (no.),2011,15.0,25216,0.5948604060913706,Pre
Inner South,Closing the Gap Target 9A - Census : Living in a dwelling requiring two additional bedrooms (no.),2016,0.0,27757,0.0,Pre
Inner South,Closing the Gap Target 9A - Census : Living in a dwelling requiring two additional bedrooms (no.),2021,8.0,31498,0.2539843799606324,During
Inner South,Closing the Gap Target 9A - Census : Living in a dwelling with no additional bedrooms required (appropriately sized) (no.),2011,242.0,25216,9.597081218274111,Pre
Inner South,Closing the Gap Target 9A - Census : Living in a dwelling with no additional bedrooms required (appropriately sized) (no.),2016,230.0,27757,8.286198076160968,Pre
Inner South,Closing the Gap Target 9A - Census : Living in a dwelling with no additional bedrooms required (appropriately sized) (no.),2021,337.0,31498,10.69909200584164,During
Inner South,Closing the Gap Target 9A - Census : Total people living in applicable dwellings (no.),2011,300.0,25216,11.897208121827411,Pre
Inner South,Closing the Gap Target 9A - Census : Total people living in applicable dwellings (no.),2016,256.0,27757,9.22289872824873,Pre
Inner South,Closing the Gap Target 9A - Census : Total people living in applicable dwellings (no.),2021,369.0,31498,11.71502952568417,During
Inner South,Labour force status - Census : Employed (no.),2011,121.0,25216,4.7985406091370555,Pre
Inner South,Labour force status - Census : Employed (no.),2016,116.0,27757,4.179125986237706,Pre
Inner South,Labour force status - Census : Employed (no.),2021,195.0,31498,6.190869261540415,During
Inner South,Labour force status - Census : In the labour force (no.),2011,148.0,25216,5.869289340101522,Pre
Inner South,Labour force status - Census : In the labour force (no.),2016,133.0,27757,4.791584104910473,Pre
Inner South,Labour force status - Census : In the labour force (no.),2021,218.0,31498,6.921074353927233,During
Inner South,Labour force status - Census : Total responding population aged 15-64 years (no.),2011,247.0,25216,9.795368020304569,Pre
Inner South,Labour force status - Census : Total responding population aged 15-64 years (no.),2016,212.0,27757,7.637713009330979,Pre
Inner South,Labour force status - Census : Total responding population aged 15-64 years (no.),2021,301.0,31498,9.556162296018794,During
Inner South,Labour force status - Census : Unemployed (no.),2011,20.0,25216,0.7931472081218274,Pre
Inner South,Labour force status - Census : Unemployed (no.),2016,4.0,27757,0.1441077926288864,Pre
Inner South,Labour force status - Census : Unemployed (no.),2021,24.0,31498,0.7619531398818973,During
Inner South,Tenure type - Census : Owner with or without a mortgage (or being purchased under a shared equity scheme) (no.),2011,58.0,25216,2.3001269035532994,Pre
Inner South,Tenure type - Census : Owner with or without a mortgage (or being purchased under a shared equity scheme) (no.),2016,54.0,27757,1.9454552004899663,Pre
Inner South,Tenure type - Census : Owner with or without a mortgage (or being purchased under a shared equity scheme) (no.),2021,99.0,31498,3.143056702012826,During
Inner South,Tenure type - Census : Renter (no.),2011,227.0,25216,9.00222081218274,Pre
Inner South,Tenure type - Census : Renter (no.),2016,207.0,27757,7.4575782685448715,Pre
Inner South,Tenure type - Census : Renter (no.),2021,277.0,31498,8.794209156136898,During
Inner South,Unpaid assistance to a person with a disability - Census : Provided unpaid assistance (no.),2011,31.0,25216,1.2293781725888324,Pre
Inner South,Unpaid assistance to a person with a disability - Census : Provided unpaid assistance (no.),2016,32.0,27757,1.1528623410310912,Pre
Inner South,Unpaid assistance to a person with a disability - Census : Provided unpaid assistance (no.),2021,47.0,31498,1.4921582322687155,During
Inner South,Unpaid child care - Census : Cared for other child/children (no.),2011,10.0,25216,0.3965736040609137,Pre
Inner South,Unpaid child care - Census : Cared for other child/children (no.),2016,12.0,27757,0.4323233778866592,Pre
Inner South,Unpaid child care - Census : Cared for other child/children (no.),2021,11.0,31498,0.34922852244586955,During
Inner South,Unpaid child care - Census : Cared for own child/children (no.),2011,53.0,25216,2.1018401015228427,Pre
Inner South,Unpaid child care - Census : Cared for own child/children (no.),2016,23.0,27757,0.8286198076160968,Pre
Inner South,Unpaid child care - Census : Cared for own child/children (no.),2021,46.0,31498,1.4604101847736364,During
Inner South,Unpaid child care - Census : Did not provide unpaid child care (no.),2011,183.0,25216,7.257296954314721,Pre
Inner South,Unpaid child care - Census : Did not provide unpaid child care (no.),2016,173.0,27757,6.232662031199337,Pre
Inner South,Unpaid child care - Census : Did not provide unpaid child care (no.),2021,241.0,31498,7.651279446314051,During
Inner South,Unpaid child care - Census : Total provided unpaid child care (no.),2011,72.0,25216,2.8553299492385786,Pre
Inner South,Unpaid child care - Census : Total provided unpaid child care (no.),2016,42.0,27757,1.5131318226033073,Pre
Inner South,Unpaid child care - Census : Total provided unpaid child care (no.),2021,66.0,31498,2.0953711346752173,During
Inner South,Voluntary work for an organisation or group - Census : Volunteered for an organisation or group (no.),2011,32.0,25216,1.2690355329949239,Pre
Inner South,Voluntary work for an organisation or group - Census : Volunteered for an organisation or group (no.),2016,52.0,27757,1.873401304175523,Pre
Inner South,Voluntary work for an organisation or group - Census : Volunteered for an organisation or group (no.),2021,35.0,31498,1.1111816623277668,During
Molonglo District,Closing the Gap Target 5 - People aged 20-24 years - Census : Attained Year 12 or equivalent or Certificate III or above (no.),2011,0.0,0,0.0,Pre
Molonglo District,Closing the Gap Target 5 - People aged 20-24 years - Census : Attained Year 12 or equivalent or Certificate III or above (no.),2016,0.0,4579,0.0,Pre
Molonglo District,Closing the Gap Target 5 - People aged 20-24 years - Census : Attained Year 12 or equivalent or Certificate III or above (no.),2021,10.0,8643,1.1570056693277797,During
Molonglo District,Closing the Gap Target 5 - People aged 20-24 years - Census : Total applicable population aged 20-24 years (no.),2011,0.0,0,0.0,Pre
Molonglo District,Closing the Gap Target 5 - People aged 20-24 years - Census : Total applicable population aged 20-24 years (no.),2016,0.0,4579,0.0,Pre
Molonglo District,Closing the Gap Target 5 - People aged 20-24 years - Census : Total applicable population aged 20-24 years (no.),2021,17.0,8643,1.9669096378572253,During
Molonglo District,Closing the Gap Target 6 - People aged 25-34 years - Census : Completed tertiary qualification of Certificate III or above (no.),2011,0.0,0,0.0,Pre
Molonglo District,Closing the Gap Target 6 - People aged 25-34 years - Census : Completed tertiary qualification of Certificate III or above (no.),2016,15.0,4579,3.2758244158113126,Pre
Molonglo District,Closing the Gap Target 6 - People aged 25-34 years - Census : Completed tertiary qualification of Certificate III or above (no.),2021,24.0,8643,2.7768136063866713,During
Molonglo District,Closing the Gap Target 6 - People aged 25-34 years - Census : Total applicable population aged 25-34 years (no.),2011,0.0,0,0.0,Pre
Molonglo District,Closing the Gap Target 6 - People aged 25-34 years - Census : Total applicable population aged 25-34 years (no.),2016,11.0,4579,2.4022712382616294,Pre
Molonglo District,Closing the Gap Target 6 - People aged 25-34 years - Census : Total applicable population aged 25-34 years (no.),2021,27.0,8643,3.1239153071850048,During
Molonglo District,"Closing the Gap Target 7 - People aged 15-24 years - Census : Fully engaged in employment, education or training (no.)",2011,0.0,0,0.0,Pre
Molonglo District,"Closing the Gap Target 7 - People aged 15-24 years - Census : Fully engaged in employment, education or training (no.)",2016,4.0,4579,0.8735531775496834,Pre
Molonglo District,"Closing the Gap Target 7 - People aged 15-24 years - Census : Fully engaged in employment, education or training (no.)",2021,18.0,8643,2.0826102047900035,During
Molonglo District,Closing the Gap Target 7 - People aged 15-24 years - Census : Total applicable population aged 15-24 years (no.),2011,0.0,0,0.0,Pre
Molonglo District,Closing the Gap Target 7 - People aged 15-24 years - Census : Total applicable population aged 15-24 years (no.),2016,3.0,4579,0.6551648831622625,Pre
Molonglo District,Closing the Gap Target 7 - People aged 15-24 years - Census : Total applicable population aged 15-24 years (no.),2021,18.0,8643,2.0826102047900035,During
Molonglo District,Closing the Gap Target 8 - People aged 25-64 years - Census : Employed (no.),2011,0.0,0,0.0,Pre
Molonglo District,Closing the Gap Target 8 - People aged 25-64 years - Census : Employed (no.),2016,22.0,4579,4.804542476523259,Pre
Molonglo District,Closing the Gap Target 8 - People aged 25-64 years - Census : Employed (no.),2021,36.0,8643,4.165220409580007,During
Molonglo District,Closing the Gap Target 8 - People aged 25-64 years - Census : Total applicable population aged 25-64 years (no.),2011,0.0,0,0.0,Pre
Molonglo District,Closing the Gap Target 8 - People aged 25-64 years - Census : Total applicable population aged 25-64 years (no.),2016,21.0,4579,4.586154182135838,Pre
Molonglo District,Closing the Gap Target 8 - People aged 25-64 years - Census : Total applicable population aged 25-64 years (no.),2021,49.0,8643,5.66932777970612,During
Molonglo District,Closing the Gap Target 9A - Census : Living in a dwelling requiring four or more additional bedrooms (no.),2011,0.0,0,0.0,Pre
Molonglo District,Closing the Gap Target 9A - Census : Living in a dwelling requiring four or more additional bedrooms (no.),2016,0.0,4579,0.0,Pre
Molonglo District,Closing the Gap Target 9A - Census : Living in a dwelling requiring four or more additional bedrooms (no.),2021,0.0,8643,0.0,During
Molonglo District,Closing the Gap Target 9A - Census : Living in a dwelling requiring one additional bedroom (no.),2011,0.0,0,0.0,Pre
Molonglo District,Closing the Gap Target 9A - Census : Living in a dwelling requiring one additional bedroom (no.),2016,0.0,4579,0.0,Pre
Molonglo District,Closing the Gap Target 9A - Census : Living in a dwelling requiring one additional bedroom (no.),2021,3.0,8643,0.3471017007983339,During
Molonglo District,Closing the Gap Target 9A - Census : Living in a dwelling requiring three additional bedrooms (no.),2011,0.0,0,0.0,Pre
Molonglo District,Closing the Gap Target 9A - Census : Living in a dwelling requiring three additional bedrooms (no.),2016,0.0,4579,0.0,Pre
Molonglo District,Closing the Gap Target 9A - Census : Living in a dwelling requiring three additional bedrooms (no.),2021,0.0,8643,0.0,During
Molonglo District,Closing the Gap Target 9A - Census : Living in a dwelling requiring two additional bedrooms (no.),2011,0.0,0,0.0,Pre
Molonglo District,Closing the Gap Target 9A - Census : Living in a dwelling requiring two additional bedrooms (no.),2016,0.0,4579,0.0,Pre
Molonglo District,Closing the Gap Target 9A - Census : Living in a dwelling requiring two additional bedrooms (no.),2021,0.0,8643,0.0,During
Molonglo District,Closing the Gap Target 9A - Census : Living in a dwelling with no additional bedrooms required (appropriately sized) (no.),2011,0.0,0,0.0,Pre
Molonglo District,Closing the Gap Target 9A - Census : Living in a dwelling with no additional bedrooms required (appropriately sized) (no.),2016,43.0,4579,9.390696658659097,Pre
Molonglo District,Closing the Gap Target 9A - Census : Living in a dwelling with no additional bedrooms required (appropriately sized) (no.),2021,91.0,8643,10.528751590882795,During
Molonglo District,Closing the Gap Target 9A - Census : Total people living in applicable dwellings (no.),2011,0.0,0,0.0,Pre
Molonglo District,Closing the Gap Target 9A - Census : Total people living in applicable dwellings (no.),2016,44.0,4579,9.609084953046517,Pre
Molonglo District,Closing the Gap Target 9A - Census : Total people living in applicable dwellings (no.),2021,94.0,8643,10.875853291681128,During
Molonglo District,Labour force status - Census : Employed (no.),2011,0.0,0,0.0,Pre
Molonglo District,Labour force status - Census : Employed (no.),2016,19.0,4579,4.149377593360996,Pre
Molonglo District,Labour force status - Census : Employed (no.),2021,52.0,8643,6.016429480504454,During
Molonglo District,Labour force status - Census : In the labour force (no.),2011,0.0,0,0.0,Pre
Molonglo District,Labour force status - Census : In the labour force (no.),2016,22.0,4579,4.804542476523259,Pre
Molonglo District,Labour force status - Census : In the labour force (no.),2021,58.0,8643,6.710632882101121,During
Molonglo District,Labour force status - Census : Total responding population aged 15-64 years (no.),2011,0.0,0,0.0,Pre
Molonglo District,Labour force status - Census : Total responding population aged 15-64 years (no.),2016,25.0,4579,5.459707359685521,Pre
Molonglo District,Labour force status - Census : Total responding population aged 15-64 years (no.),2021,69.0,8643,7.9833391183616795,During
Molonglo District,Labour force status - Census : Unemployed (no.),2011,0.0,0,0.0,Pre
Molonglo District,Labour force status - Census : Unemployed (no.),2016,0.0,4579,0.0,Pre
Molonglo District,Labour force status - Census : Unemployed (no.),2021,3.0,8643,0.3471017007983339,During
Molonglo District,Tenure type - Census : Owner with or without a mortgage (or being purchased under a shared equity scheme) (no.),2011,0.0,0,0.0,Pre
Molonglo District,Tenure type - Census : Owner with or without a mortgage (or being purchased under a shared equity scheme) (no.),2016,22.0,4579,4.804542476523259,Pre
Molonglo District,Tenure type - Census : Owner with or without a mortgage (or being purchased under a shared equity scheme) (no.),2021,32.0,8643,3.7024181418488946,During
Molonglo District,Tenure type - Census : Renter (no.),2011,0.0,0,0.0,Pre
Molonglo District,Tenure type - Census : Renter (no.),2016,16.0,4579,3.4942127101987337,Pre
Molonglo District,Tenure type - Census : Renter (no.),2021,64.0,8643,7.404836283697789,During
Molonglo District,Unpaid assistance to a person with a disability - Census : Provided unpaid assistance (no.),2011,0.0,0,0.0,Pre
Molonglo District,Unpaid assistance to a person with a disability - Census : Provided unpaid assistance (no.),2016,0.0,4579,0.0,Pre
Molonglo District,Unpaid assistance to a person with a disability - Census : Provided unpaid assistance (no.),2021,15.0,8643,1.7355085039916693,During
Molonglo District,Unpaid child care - Census : Cared for other child/children (no.),2011,0.0,0,0.0,Pre
Molonglo District,Unpaid child care - Census : Cared for other child/children (no.),2016,3.0,4579,0.6551648831622625,Pre
Molonglo District,Unpaid child care - Census : Cared for other child/children (no.),2021,0.0,8643,0.0,During
Molonglo District,Unpaid child care - Census : Cared for own child/children (no.),2011,0.0,0,0.0,Pre
Molonglo District,Unpaid child care - Census : Cared for own child/children (no.),2016,11.0,4579,2.4022712382616294,Pre
Molonglo District,Unpaid child care - Census : Cared for own child/children (no.),2021,11.0,8643,1.2727062362605577,During
Molonglo District,Unpaid child care - Census : Did not provide unpaid child care (no.),2011,0.0,0,0.0,Pre
Molonglo District,Unpaid child care - Census : Did not provide unpaid child care (no.),2016,23.0,4579,5.02293077091068,Pre
Molonglo District,Unpaid child care - Census : Did not provide unpaid child care (no.),2021,55.0,8643,6.363531181302788,During
Molonglo District,Unpaid child care - Census : Total provided unpaid child care (no.),2011,0.0,0,0.0,Pre
Molonglo District,Unpaid child care - Census : Total provided unpaid child care (no.),2016,11.0,4579,2.4022712382616294,Pre
Molonglo District,Unpaid child care - Census : Total provided unpaid child care (no.),2021,15.0,8643,1.7355085039916693,During
Molonglo District,Voluntary work for an organisation or group - Census : Volunteered for an organisation or group (no.),2011,0.0,0,0.0,Pre
Molonglo District,Voluntary work for an organisation or group - Census : Volunteered for an organisation or group (no.),2016,3.0,4579,0.6551648831622625,Pre
Molonglo District,Voluntary work for an organisation or group - Census : Volunteered for an organisation or group (no.),2021,8.0,8643,0.9256045354622237,During
Tuggeranong,Closing the Gap Target 5 - People aged 20-24 years - Census : Attained Year 12 or equivalent or Certificate III or above (no.),2011,84.0,89285,0.9408075264602117,Pre
Tuggeranong,Closing the Gap Target 5 - People aged 20-24 years - Census : Attained Year 12 or equivalent or Certificate III or above (no.),2016,139.0,85890,1.6183490511118872,Pre
Tuggeranong,Closing the Gap Target 5 - People aged 20-24 years - Census : Attained Year 12 or equivalent or Certificate III or above (no.),2021,162.0,89004,1.8201429149251718,During
Tuggeranong,Closing the Gap Target 5 - People aged 20-24 years - Census : Total applicable population aged 20-24 years (no.),2011,137.0,89285,1.5344122752982023,Pre
Tuggeranong,Closing the Gap Target 5 - People aged 20-24 years - Census : Total applicable population aged 20-24 years (no.),2016,213.0,85890,2.4799161718477123,Pre
Tuggeranong,Closing the Gap Target 5 - People aged 20-24 years - Census : Total applicable population aged 20-24 years (no.),2021,233.0,89004,2.6178598714664507,During
Tuggeranong,Closing the Gap Target 6 - People aged 25-34 years - Census : Completed tertiary qualification of Certificate III or above (no.),2011,80.0,89285,0.8960071680573445,Pre
Tuggeranong,Closing the Gap Target 6 - People aged 25-34 years - Census : Completed tertiary qualification of Certificate III or above (no.),2016,145.0,85890,1.6882058446850623,Pre
Tuggeranong,Closing the Gap Target 6 - People aged 25-34 years - Census : Completed tertiary qualification of Certificate III or above (no.),2021,210.0,89004,2.359444519347445,During
Tuggeranong,Closing the Gap Target 6 - People aged 25-34 years - Census : Total applicable population aged 25-34 years (no.),2011,209.0,89285,2.3408187265498124,Pre
Tuggeranong,Closing the Gap Target 6 - People aged 25-34 years - Census : Total applicable population aged 25-34 years (no.),2016,248.0,85890,2.8874141343578996,Pre
Tuggeranong,Closing the Gap Target 6 - People aged 25-34 years - Census : Total applicable population aged 25-34 years (no.),2021,367.0,89004,4.123410183811964,During
Tuggeranong,"Closing the Gap Target 7 - People aged 15-24 years - Census : Fully engaged in employment, education or training (no.)",2011,254.0,89285,2.844822758582069,Pre
Tuggeranong,"Closing the Gap Target 7 - People aged 15-24 years - Census : Fully engaged in employment, education or training (no.)",2016,330.0,85890,3.8421236465246245,Pre
Tuggeranong,"Closing the Gap Target 7 - People aged 15-24 years - Census : Fully engaged in employment, education or training (no.)",2021,351.0,89004,3.943642982337872,During
Tuggeranong,Closing the Gap Target 7 - People aged 15-24 years - Census : Total applicable population aged 15-24 years (no.),2011,365.0,89285,4.088032704261634,Pre
Tuggeranong,Closing the Gap Target 7 - People aged 15-24 years - Census : Total applicable population aged 15-24 years (no.),2016,434.0,85890,5.052974735126324,Pre
Tuggeranong,Closing the Gap Target 7 - People aged 15-24 years - Census : Total applicable population aged 15-24 years (no.),2021,498.0,89004,5.595254145881084,During
Tuggeranong,Closing the Gap Target 8 - People aged 25-64 years - Census : Employed (no.),2011,534.0,89285,5.980847846782774,Pre
Tuggeranong,Closing the Gap Target 8 - People aged 25-64 years - Census : Employed (no.),2016,633.0,85890,7.369891721969961,Pre
Tuggeranong,Closing the Gap Target 8 - People aged 25-64 years - Census : Employed (no.),2021,852.0,89004,9.572603478495347,During
Tuggeranong,Closing the Gap Target 8 - People aged 25-64 years - Census : Total applicable population aged 25-64 years (no.),2011,735.0,89285,8.232065856526853,Pre
Tuggeranong,Closing the Gap Target 8 - People aged 25-64 years - Census : Total applicable population aged 25-64 years (no.),2016,878.0,85890,10.222377459541274,Pre
Tuggeranong,Closing the Gap Target 8 - People aged 25-64 years - Census : Total applicable population aged 25-64 years (no.),2021,1133.0,89004,12.729764954384072,During
Tuggeranong,Closing the Gap Target 9A - Census : Living in a dwelling requiring four or more additional bedrooms (no.),2011,24.0,89285,0.26880215041720334,Pre
Tuggeranong,Closing the Gap Target 9A - Census : Living in a dwelling requiring four or more additional bedrooms (no.),2016,0.0,85890,0.0,Pre
Tuggeranong,Closing the Gap Target 9A - Census : Living in a dwelling requiring four or more additional bedrooms (no.),2021,0.0,89004,0.0,During
Tuggeranong,Closing the Gap Target 9A - Census : Living in a dwelling requiring one additional bedroom (no.),2011,159.0,89285,1.7808142465139722,Pre
Tuggeranong,Closing the Gap Target 9A - Census : Living in a dwelling requiring one additional bedroom (no.),2016,122.0,85890,1.4204214693212247,Pre
Tuggeranong,Closing the Gap Target 9A - Census : Living in a dwelling requiring one additional bedroom (no.),2021,248.0,89004,2.786391622848411,During
Tuggeranong,Closing the Gap Target 9A - Census : Living in a dwelling requiring three additional bedrooms (no.),2011,12.0,89285,0.13440107520860167,Pre
Tuggeranong,Closing the Gap Target 9A - Census : Living in a dwelling requiring three additional bedrooms (no.),2016,8.0,85890,0.09314239143089999,Pre
Tuggeranong,Closing the Gap Target 9A - Census : Living in a dwelling requiring three additional bedrooms (no.),2021,21.0,89004,0.2359444519347445,During
Tuggeranong,Closing the Gap Target 9A - Census : Living in a dwelling requiring two additional bedrooms (no.),2011,11.0,89285,0.12320098560788487,Pre
Tuggeranong,Closing the Gap Target 9A - Census : Living in a dwelling requiring two additional bedrooms (no.),2016,15.0,85890,0.17464198393293748,Pre
Tuggeranong,Closing the Gap Target 9A - Census : Living in a dwelling requiring two additional bedrooms (no.),2021,44.0,89004,0.49435980405375035,During
Tuggeranong,Closing the Gap Target 9A - Census : Living in a dwelling with no additional bedrooms required (appropriately sized) (no.),2011,1377.0,89285,15.422523380187043,Pre
Tuggeranong,Closing the Gap Target 9A - Census : Living in a dwelling with no additional bedrooms required (appropriately sized) (no.),2016,1680.0,85890,19.559902200489,Pre
Tuggeranong,Closing the Gap Target 9A - Census : Living in a dwelling with no additional bedrooms required (appropriately sized) (no.),2021,2199.0,89004,24.706754752595387,During
Tuggeranong,Closing the Gap Target 9A - Census : Total people living in applicable dwellings (no.),2011,1583.0,89285,17.729741837934704,Pre
Tuggeranong,Closing the Gap Target 9A - Census : Total people living in applicable dwellings (no.),2016,1820.0,85890,21.189894050529748,Pre
Tuggeranong,Closing the Gap Target 9A - Census : Total people living in applicable dwellings (no.),2021,2466.0,89004,27.706619927194282,During
Tuggeranong,Labour force status - Census : Employed (no.),2011,744.0,89285,8.332866662933304,Pre
Tuggeranong,Labour force status - Census : Employed (no.),2016,862.0,85890,10.036092676679473,Pre
Tuggeranong,Labour force status - Census : Employed (no.),2021,1128.0,89004,12.673587703923419,During
Tuggeranong,Labour force status - Census : In the labour force (no.),2011,814.0,89285,9.11687293498348,Pre
Tuggeranong,Labour force status - Census : In the labour force (no.),2016,959.0,85890,11.165444172779136,Pre
Tuggeranong,Labour force status - Census : In the labour force (no.),2021,1212.0,89004,13.617365511662397,During
Tuggeranong,Labour force status - Census : Total responding population aged 15-64 years (no.),2011,1084.0,89285,12.140897127177018,Pre
Tuggeranong,Labour force status - Census : Total responding population aged 15-64 years (no.),2016,1326.0,85890,15.438351379671673,Pre
Tuggeranong,Labour force status - Census : Total responding population aged 15-64 years (no.),2021,1648.0,89004,18.516021751831378,During
Tuggeranong,Labour force status - Census : Unemployed (no.),2011,65.0,89285,0.7280058240465924,Pre
Tuggeranong,Labour force status - Census : Unemployed (no.),2016,96.0,85890,1.1177086971708,Pre
Tuggeranong,Labour force status - Census : Unemployed (no.),2021,87.0,89004,0.97748415801537,During
Tuggeranong,Tenure type - Census : Owner with or without a mortgage (or being purchased under a shared equity scheme) (no.),2011,809.0,89285,9.060872486979896,Pre
Tuggeranong,Tenure type - Census : Owner with or without a mortgage (or being purchased under a shared equity scheme) (no.),2016,974.0,85890,11.340086156712074,Pre
Tuggeranong,Tenure type - Census : Owner with or without a mortgage (or being purchased under a shared equity scheme) (no.),2021,1334.0,89004,14.98809042290234,During
Tuggeranong,Tenure type - Census : Renter (no.),2011,845.0,89285,9.464075712605702,Pre
Tuggeranong,Tenure type - Census : Renter (no.),2016,948.0,85890,11.037373384561649,Pre
Tuggeranong,Tenure type - Census : Renter (no.),2021,1235.0,89004,13.875780863781403,During
Tuggeranong,Unpaid assistance to a person with a disability - Census : Provided unpaid assistance (no.),2011,139.0,89285,1.556812454499636,Pre
Tuggeranong,Unpaid assistance to a person with a disability - Census : Provided unpaid assistance (no.),2016,229.0,85890,2.6662009547095122,Pre
Tuggeranong,Unpaid assistance to a person with a disability - Census : Provided unpaid assistance (no.),2021,305.0,89004,3.4268122780998604,During
Tuggeranong,Unpaid child care - Census : Cared for other child/children (no.),2011,133.0,89285,1.4896119168953352,Pre
Tuggeranong,Unpaid child care - Census : Cared for other child/children (no.),2016,146.0,85890,1.6998486436139248,Pre
Tuggeranong,Unpaid child care - Census : Cared for other child/children (no.),2021,156.0,89004,1.7527302143723877,During
Tuggeranong,Unpaid child care - Census : Cared for own child/children (no.),2011,269.0,89285,3.012824102592821,Pre
Tuggeranong,Unpaid child care - Census : Cared for own child/children (no.),2016,309.0,85890,3.597624869018512,Pre
Tuggeranong,Unpaid child care - Census : Cared for own child/children (no.),2021,403.0,89004,4.527886387128668,During
Tuggeranong,Unpaid child care - Census : Did not provide unpaid child care (no.),2011,664.0,89285,7.436859494875959,Pre
Tuggeranong,Unpaid child care - Census : Did not provide unpaid child care (no.),2016,885.0,85890,10.303877052043312,Pre
Tuggeranong,Unpaid child care - Census : Did not provide unpaid child care (no.),2021,1184.0,89004,13.302772909082737,During
Tuggeranong,Unpaid child care - Census : Total provided unpaid child care (no.),2011,412.0,89285,4.614436915495324,Pre
Tuggeranong,Unpaid child care - Census : Total provided unpaid child care (no.),2016,492.0,85890,5.728257073000349,Pre
Tuggeranong,Unpaid child care - Census : Total provided unpaid child care (no.),2021,599.0,89004,6.730034605186283,During
Tuggeranong,Voluntary work for an organisation or group - Census : Volunteered for an organisation or group (no.),2011,193.0,89285,2.1616172929383435,Pre
Tuggeranong,Voluntary work for an organisation or group - Census : Volunteered for an organisation or group (no.),2016,274.0,85890,3.1901269065083246,Pre
Tuggeranong,Voluntary work for an organisation or group - Census : Volunteered for an organisation or group (no.),2021,222.0,89004,2.494269920453013,During
Weston Creek,Closing the Gap Target 5 - People aged 20-24 years - Census : Attained Year 12 or equivalent or Certificate III or above (no.),2011,11.0,23364,0.4708097928436911,Pre
Weston Creek,Closing the Gap Target 5 - People aged 20-24 years - Census : Attained Year 12 or equivalent or Certificate III or above (no.),2016,12.0,23276,0.5155525004296271,Pre
Weston Creek,Closing the Gap Target 5 - People aged 20-24 years - Census : Attained Year 12 or equivalent or Certificate III or above (no.),2021,37.0,24487,1.511005839833381,During
Weston Creek,Closing the Gap Target 5 - People aged 20-24 years - Census : Total applicable population aged 20-24 years (no.),2011,15.0,23364,0.6420133538777606,Pre
Weston Creek,Closing the Gap Target 5 - People aged 20-24 years - Census : Total applicable population aged 20-24 years (no.),2016,15.0,23276,0.6444406255370339,Pre
Weston Creek,Closing the Gap Target 5 - People aged 20-24 years - Census : Total applicable population aged 20-24 years (no.),2021,49.0,24487,2.001061787887451,During
Weston Creek,Closing the Gap Target 6 - People aged 25-34 years - Census : Completed tertiary qualification of Certificate III or above (no.),2011,13.0,23364,0.5564115733607259,Pre
Weston Creek,Closing the Gap Target 6 - People aged 25-34 years - Census : Completed tertiary qualification of Certificate III or above (no.),2016,20.0,23276,0.8592541673827118,Pre
Weston Creek,Closing the Gap Target 6 - People aged 25-34 years - Census : Completed tertiary qualification of Certificate III or above (no.),2021,22.0,24487,0.8984359047657942,During
Weston Creek,Closing the Gap Target 6 - People aged 25-34 years - Census : Total applicable population aged 25-34 years (no.),2011,15.0,23364,0.6420133538777606,Pre
Weston Creek,Closing the Gap Target 6 - People aged 25-34 years - Census : Total applicable population aged 25-34 years (no.),2016,35.0,23276,1.5036947929197457,Pre
Weston Creek,Closing the Gap Target 6 - People aged 25-34 years - Census : Total applicable population aged 25-34 years (no.),2021,48.0,24487,1.9602237922162782,During
Weston Creek,"Closing the Gap Target 7 - People aged 15-24 years - Census : Fully engaged in employment, education or training (no.)",2011,35.0,23364,1.4980311590481081,Pre
Weston Creek,"Closing the Gap Target 7 - People aged 15-24 years - Census : Fully engaged in employment, education or training (no.)",2016,37.0,23276,1.5896202096580168,Pre
Weston Creek,"Closing the Gap Target 7 - People aged 15-24 years - Census : Fully engaged in employment, education or training (no.)",2021,61.0,24487,2.49111773594152,During
Weston Creek,Closing the Gap Target 7 - People aged 15-24 years - Census : Total applicable population aged 15-24 years (no.),2011,52.0,23364,2.2256462934429035,Pre
Weston Creek,Closing the Gap Target 7 - People aged 15-24 years - Census : Total applicable population aged 15-24 years (no.),2016,55.0,23276,2.3629489603024574,Pre
Weston Creek,Closing the Gap Target 7 - People aged 15-24 years - Census : Total applicable population aged 15-24 years (no.),2021,89.0,24487,3.634581614734349,During
Weston Creek,Closing the Gap Target 8 - People aged 25-64 years - Census : Employed (no.),2011,94.0,23364,4.023283684300633,Pre
Weston Creek,Closing the Gap Target 8 - People aged 25-64 years - Census : Employed (no.),2016,95.0,23276,4.081457295067881,Pre
Weston Creek,Closing the Gap Target 8 - People aged 25-64 years - Census : Employed (no.),2021,134.0,24487,5.47229141993711,During
Weston Creek,Closing the Gap Target 8 - People aged 25-64 years - Census : Total applicable population aged 25-64 years (no.),2011,120.0,23364,5.136106831022085,Pre
Weston Creek,Closing the Gap Target 8 - People aged 25-64 years - Census : Total applicable population aged 25-64 years (no.),2016,128.0,23276,5.499226671249356,Pre
Weston Creek,Closing the Gap Target 8 - People aged 25-64 years - Census : Total applicable population aged 25-64 years (no.),2021,189.0,24487,7.718381181851595,During
Weston Creek,Closing the Gap Target 9A - Census : Living in a dwelling requiring four or more additional bedrooms (no.),2011,3.0,23364,0.12840267077555212,Pre
Weston Creek,Closing the Gap Target 9A - Census : Living in a dwelling requiring four or more additional bedrooms (no.),2016,0.0,23276,0.0,Pre
Weston Creek,Closing the Gap Target 9A - Census : Living in a dwelling requiring four or more additional bedrooms (no.),2021,0.0,24487,0.0,During
Weston Creek,Closing the Gap Target 9A - Census : Living in a dwelling requiring one additional bedroom (no.),2011,15.0,23364,0.6420133538777606,Pre
Weston Creek,Closing the Gap Target 9A - Census : Living in a dwelling requiring one additional bedroom (no.),2016,18.0,23276,0.7733287506444406,Pre
Weston Creek,Closing the Gap Target 9A - Census : Living in a dwelling requiring one additional bedroom (no.),2021,21.0,24487,0.8575979090946217,During
Weston Creek,Closing the Gap Target 9A - Census : Living in a dwelling requiring three additional bedrooms (no.),2011,0.0,23364,0.0,Pre
Weston Creek,Closing the Gap Target 9A - Census : Living in a dwelling requiring three additional bedrooms (no.),2016,0.0,23276,0.0,Pre
Weston Creek,Closing the Gap Target 9A - Census : Living in a dwelling requiring three additional bedrooms (no.),2021,0.0,24487,0.0,During
Weston Creek,Closing the Gap Target 9A - Census : Living in a dwelling requiring two additional bedrooms (no.),2011,12.0,23364,0.5136106831022085,Pre
Weston Creek,Closing the Gap Target 9A - Census : Living in a dwelling requiring two additional bedrooms (no.),2016,0.0,23276,0.0,Pre
Weston Creek,Closing the Gap Target 9A - Census : Living in a dwelling requiring two additional bedrooms (no.),2021,3.0,24487,0.12251398701351739,During
Weston Creek,Closing the Gap Target 9A - Census : Living in a dwelling with no additional bedrooms required (appropriately sized) (no.),2011,215.0,23364,9.202191405581235,Pre
Weston Creek,Closing the Gap Target 9A - Census : Living in a dwelling with no additional bedrooms required (appropriately sized) (no.),2016,246.0,23276,10.568826258807356,Pre
Weston Creek,Closing the Gap Target 9A - Census : Living in a dwelling with no additional bedrooms required (appropriately sized) (no.),2021,349.0,24487,14.252460489239189,During
Weston Creek,Closing the Gap Target 9A - Census : Total people living in applicable dwellings (no.),2011,243.0,23364,10.400616332819721,Pre
Weston Creek,Closing the Gap Target 9A - Census : Total people living in applicable dwellings (no.),2016,266.0,23276,11.428080426190068,Pre
Weston Creek,Closing the Gap Target 9A - Census : Total people living in applicable dwellings (no.),2021,370.0,24487,15.11005839833381,During
Weston Creek,Labour force status - Census : Employed (no.),2011,107.0,23364,4.579695257661359,Pre
Weston Creek,Labour force status - Census : Employed (no.),2016,127.0,23276,5.45626396288022,Pre
Weston Creek,Labour force status - Census : Employed (no.),2021,177.0,24487,7.228325233797526,During
Weston Creek,Labour force status - Census : In the labour force (no.),2011,117.0,23364,5.007704160246533,Pre
Weston Creek,Labour force status - Census : In the labour force (no.),2016,144.0,23276,6.186630005155525,Pre
Weston Creek,Labour force status - Census : In the labour force (no.),2021,199.0,24487,8.12676113856332,During
Weston Creek,Labour force status - Census : Total responding population aged 15-64 years (no.),2011,171.0,23364,7.3189522342064715,Pre
Weston Creek,Labour force status - Census : Total responding population aged 15-64 years (no.),2016,184.0,23276,7.905138339920948,Pre
Weston Creek,Labour force status - Census : Total responding population aged 15-64 years (no.),2021,270.0,24487,11.026258831216564,During
Weston Creek,Labour force status - Census : Unemployed (no.),2011,3.0,23364,0.12840267077555212,Pre
Weston Creek,Labour force status - Census : Unemployed (no.),2016,16.0,23276,0.6874033339061695,Pre
Weston Creek,Labour force status - Census : Unemployed (no.),2021,16.0,24487,0.6534079307387594,During
Weston Creek,Tenure type - Census : Owner with or without a mortgage (or being purchased under a shared equity scheme) (no.),2011,126.0,23364,5.3929121725731894,Pre
Weston Creek,Tenure type - Census : Owner with or without a mortgage (or being purchased under a shared equity scheme) (no.),2016,143.0,23276,6.14366729678639,Pre
Weston Creek,Tenure type - Census : Owner with or without a mortgage (or being purchased under a shared equity scheme) (no.),2021,194.0,24487,7.9225711602074576,During
Weston Creek,Tenure type - Census : Renter (no.),2011,138.0,23364,5.906522855675398,Pre
Weston Creek,Tenure type - Census : Renter (no.),2016,140.0,23276,6.014779171678983,Pre
Weston Creek,Tenure type - Census : Renter (no.),2021,218.0,24487,8.902683056315597,During
Weston Creek,Unpaid assistance to a person with a disability - Census : Provided unpaid assistance (no.),2011,26.0,23364,1.1128231467214518,Pre
Weston Creek,Unpaid assistance to a person with a disability - Census : Provided unpaid assistance (no.),2016,34.0,23276,1.46073208455061,Pre
Weston Creek,Unpaid assistance to a person with a disability - Census : Provided unpaid assistance (no.),2021,40.0,24487,1.6335198268468984,During
Weston Creek,Unpaid child care - Census : Cared for other child/children (no.),2011,16.0,23364,0.684814244136278,Pre
Weston Creek,Unpaid child care - Census : Cared for other child/children (no.),2016,12.0,23276,0.5155525004296271,Pre
Weston Creek,Unpaid child care - Census : Cared for other child/children (no.),2021,20.0,24487,0.8167599134234492,During
Weston Creek,Unpaid child care - Census : Cared for own child/children (no.),2011,33.0,23364,1.4124293785310733,Pre
Weston Creek,Unpaid child care - Census : Cared for own child/children (no.),2016,56.0,23276,2.405911668671593,Pre
Weston Creek,Unpaid child care - Census : Cared for own child/children (no.),2021,73.0,24487,2.9811736839955896,During
Weston Creek,Unpaid child care - Census : Did not provide unpaid child care (no.),2011,123.0,23364,5.2645095017976375,Pre
Weston Creek,Unpaid child care - Census : Did not provide unpaid child care (no.),2016,131.0,23276,5.628114796356763,Pre
Weston Creek,Unpaid child care - Census : Did not provide unpaid child care (no.),2021,198.0,24487,8.085923142892147,During
Weston Creek,Unpaid child care - Census : Total provided unpaid child care (no.),2011,59.0,23364,2.525252525252525,Pre
Weston Creek,Unpaid child care - Census : Total provided unpaid child care (no.),2016,70.0,23276,3.0073895858394915,Pre
Weston Creek,Unpaid child care - Census : Total provided unpaid child care (no.),2021,111.0,24487,4.533017519500143,During
Weston Creek,Voluntary work for an organisation or group - Census : Volunteered for an organisation or group (no.),2011,37.0,23364,1.583632939565143,Pre
Weston Creek,Voluntary work for an organisation or group - Census : Volunteered for an organisation or group (no.),2016,46.0,23276,1.976284584980237,Pre
Weston Creek,Voluntary work for an organisation or group - Census : Volunteered for an organisation or group (no.),2021,46.0,24487,1.8785478008739331,During
Woden,Closing the Gap Target 5 - People aged 20-24 years - Census : Attained Year 12 or equivalent or Certificate III or above (no.),2011,22.0,34124,0.6447075372172077,Pre
Woden,Closing the Gap Target 5 - People aged 20-24 years - Census : Attained Year 12 or equivalent or Certificate III or above (no.),2016,31.0,35388,0.8760031649146603,Pre
Woden,Closing the Gap Target 5 - People aged 20-24 years - Census : Attained Year 12 or equivalent or Certificate III or above (no.),2021,62.0,39079,1.5865298497914482,During
Woden,Closing the Gap Target 5 - People aged 20-24 years - Census : Total applicable population aged 20-24 years (no.),2011,50.0,34124,1.4652444027663813,Pre
Woden,Closing the Gap Target 5 - People aged 20-24 years - Census : Total applicable population aged 20-24 years (no.),2016,43.0,35388,1.2151011642364644,Pre
Woden,Closing the Gap Target 5 - People aged 20-24 years - Census : Total applicable population aged 20-24 years (no.),2021,75.0,39079,1.9191893344251387,During
Woden,Closing the Gap Target 6 - People aged 25-34 years - Census : Completed tertiary qualification of Certificate III or above (no.),2011,40.0,34124,1.172195522213105,Pre
Woden,Closing the Gap Target 6 - People aged 25-34 years - Census : Completed tertiary qualification of Certificate III or above (no.),2016,20.0,35388,0.5651633322030067,Pre
Woden,Closing the Gap Target 6 - People aged 25-34 years - Census : Completed tertiary qualification of Certificate III or above (no.),2021,63.0,39079,1.6121190409171167,During
Woden,Closing the Gap Target 6 - People aged 25-34 years - Census : Total applicable population aged 25-34 years (no.),2011,64.0,34124,1.875512835540968,Pre
Woden,Closing the Gap Target 6 - People aged 25-34 years - Census : Total applicable population aged 25-34 years (no.),2016,39.0,35388,1.102068497795863,Pre
Woden,Closing the Gap Target 6 - People aged 25-34 years - Census : Total applicable population aged 25-34 years (no.),2021,99.0,39079,2.533329921441183,During
Woden,"Closing the Gap Target 7 - People aged 15-24 years - Census : Fully engaged in employment, education or training (no.)",2011,63.0,34124,1.8462079474856405,Pre
Woden,"Closing the Gap Target 7 - People aged 15-24 years - Census : Fully engaged in employment, education or training (no.)",2016,66.0,35388,1.865038996269922,Pre
Woden,"Closing the Gap Target 7 - People aged 15-24 years - Census : Fully engaged in employment, education or training (no.)",2021,78.0,39079,1.9959569078021444,During
Woden,Closing the Gap Target 7 - People aged 15-24 years - Census : Total applicable population aged 15-24 years (no.),2011,98.0,34124,2.8718790294221073,Pre
Woden,Closing the Gap Target 7 - People aged 15-24 years - Census : Total applicable population aged 15-24 years (no.),2016,95.0,35388,2.684525827964282,Pre
Woden,Closing the Gap Target 7 - People aged 15-24 years - Census : Total applicable population aged 15-24 years (no.),2021,116.0,39079,2.968346170577548,During
Woden,Closing the Gap Target 8 - People aged 25-64 years - Census : Employed (no.),2011,104.0,34124,3.047708357754073,Pre
Woden,Closing the Gap Target 8 - People aged 25-64 years - Census : Employed (no.),2016,115.0,35388,3.2496891601672884,Pre
Woden,Closing the Gap Target 8 - People aged 25-64 years - Census : Employed (no.),2021,190.0,39079,4.861946313877018,During
Woden,Closing the Gap Target 8 - People aged 25-64 years - Census : Total applicable population aged 25-64 years (no.),2011,164.0,34124,4.806001641073731,Pre
Woden,Closing the Gap Target 8 - People aged 25-64 years - Census : Total applicable population aged 25-64 years (no.),2016,173.0,35388,4.888662823556008,Pre
Woden,Closing the Gap Target 8 - People aged 25-64 years - Census : Total applicable population aged 25-64 years (no.),2021,267.0,39079,6.832314030553494,During
Woden,Closing the Gap Target 9A - Census : Living in a dwelling requiring four or more additional bedrooms (no.),2011,20.0,34124,0.5860977611065525,Pre
Woden,Closing the Gap Target 9A - Census : Living in a dwelling requiring four or more additional bedrooms (no.),2016,0.0,35388,0.0,Pre
Woden,Closing the Gap Target 9A - Census : Living in a dwelling requiring four or more additional bedrooms (no.),2021,0.0,39079,0.0,During
Woden,Closing the Gap Target 9A - Census : Living in a dwelling requiring one additional bedroom (no.),2011,27.0,34124,0.7912319774938459,Pre
Woden,Closing the Gap Target 9A - Census : Living in a dwelling requiring one additional bedroom (no.),2016,14.0,35388,0.3956143325421047,Pre
Woden,Closing the Gap Target 9A - Census : Living in a dwelling requiring one additional bedroom (no.),2021,37.0,39079,0.9468000716497351,During
Woden,Closing the Gap Target 9A - Census : Living in a dwelling requiring three additional bedrooms (no.),2011,3.0,34124,0.08791466416598288,Pre
Woden,Closing the Gap Target 9A - Census : Living in a dwelling requiring three additional bedrooms (no.),2016,0.0,35388,0.0,Pre
Woden,Closing the Gap Target 9A - Census : Living in a dwelling requiring three additional bedrooms (no.),2021,0.0,39079,0.0,During
Woden,Closing the Gap Target 9A - Census : Living in a dwelling requiring two additional bedrooms (no.),2011,0.0,34124,0.0,Pre
Woden,Closing the Gap Target 9A - Census : Living in a dwelling requiring two additional bedrooms (no.),2016,4.0,35388,0.11303266644060134,Pre
Woden,Closing the Gap Target 9A - Census : Living in a dwelling requiring two additional bedrooms (no.),2021,3.0,39079,0.07676757337700556,During
Woden,Closing the Gap Target 9A - Census : Living in a dwelling with no additional bedrooms required (appropriately sized) (no.),2011,256.0,34124,7.502051342163872,Pre
Woden,Closing the Gap Target 9A - Census : Living in a dwelling with no additional bedrooms required (appropriately sized) (no.),2016,343.0,35388,9.692551147281565,Pre
Woden,Closing the Gap Target 9A - Census : Living in a dwelling with no additional bedrooms required (appropriately sized) (no.),2021,454.0,39079,11.617492771053508,During
Woden,Closing the Gap Target 9A - Census : Total people living in applicable dwellings (no.),2011,309.0,34124,9.055210409096237,Pre
Woden,Closing the Gap Target 9A - Census : Total people living in applicable dwellings (no.),2016,365.0,35388,10.314230812704873,Pre
Woden,Closing the Gap Target 9A - Census : Total people living in applicable dwellings (no.),2021,495.0,39079,12.666649607205915,During
Woden,Labour force status - Census : Employed (no.),2011,154.0,34124,4.512952760520455,Pre
Woden,Labour force status - Census : Employed (no.),2016,179.0,35388,5.05821182321691,Pre
Woden,Labour force status - Census : Employed (no.),2021,259.0,39079,6.627600501548146,During
Woden,Labour force status - Census : In the labour force (no.),2011,176.0,34124,5.157660297737662,Pre
Woden,Labour force status - Census : In the labour force (no.),2016,184.0,35388,5.199502656267661,Pre
Woden,Labour force status - Census : In the labour force (no.),2021,280.0,39079,7.164973515187185,During
Woden,Labour force status - Census : Total responding population aged 15-64 years (no.),2011,267.0,34124,7.824405110772476,Pre
Woden,Labour force status - Census : Total responding population aged 15-64 years (no.),2016,262.0,35388,7.403639651859388,Pre
Woden,Labour force status - Census : Total responding population aged 15-64 years (no.),2021,385.0,39079,9.85183858338238,During
Woden,Labour force status - Census : Unemployed (no.),2011,8.0,34124,0.234439104442621,Pre
Woden,Labour force status - Census : Unemployed (no.),2016,14.0,35388,0.3956143325421047,Pre
Woden,Labour force status - Census : Unemployed (no.),2021,26.0,39079,0.6653189692673814,During
Woden,Tenure type - Census : Owner with or without a mortgage (or being purchased under a shared equity scheme) (no.),2011,110.0,34124,3.223537686086039,Pre
Woden,Tenure type - Census : Owner with or without a mortgage (or being purchased under a shared equity scheme) (no.),2016,150.0,35388,4.238724991522551,Pre
Woden,Tenure type - Census : Owner with or without a mortgage (or being purchased under a shared equity scheme) (no.),2021,184.0,39079,4.708411167123007,During
Woden,Tenure type - Census : Renter (no.),2011,207.0,34124,6.0661118274528185,Pre
Woden,Tenure type - Census : Renter (no.),2016,208.0,35388,5.87769865491127,Pre
Woden,Tenure type - Census : Renter (no.),2021,318.0,39079,8.137362777962588,During
Woden,Unpaid assistance to a person with a disability - Census : Provided unpaid assistance (no.),2011,33.0,34124,0.9670613058258117,Pre
Woden,Unpaid assistance to a person with a disability - Census : Provided unpaid assistance (no.),2016,38.0,35388,1.0738103311857128,Pre
Woden,Unpaid assistance to a person with a disability - Census : Provided unpaid assistance (no.),2021,49.0,39079,1.2538703651577574,During
Woden,Unpaid child care - Census : Cared for other child/children (no.),2011,15.0,34124,0.4395733208299144,Pre
Woden,Unpaid child care - Census : Cared for other child/children (no.),2016,16.0,35388,0.45213066576240535,Pre
Woden,Unpaid child care - Census : Cared for other child/children (no.),2021,22.0,39079,0.5629622047647074,During
Woden,Unpaid child care - Census : Cared for own child/children (no.),2011,38.0,34124,1.1135857461024499,Pre
Woden,Unpaid child care - Census : Cared for own child/children (no.),2016,50.0,35388,1.4129083305075167,Pre
Woden,Unpaid child care - Census : Cared for own child/children (no.),2021,66.0,39079,1.6888866142941221,During
Woden,Unpaid child care - Census : Did not provide unpaid child care (no.),2011,186.0,34124,5.450709178290938,Pre
Woden,Unpaid child care - Census : Did not provide unpaid child care (no.),2016,203.0,35388,5.736407821860518,Pre
Woden,Unpaid child care - Census : Did not provide unpaid child care (no.),2021,307.0,39079,7.8558816755802345,During
Woden,Unpaid child care - Census : Total provided unpaid child care (no.),2011,65.0,34124,1.9048177235962958,Pre
Woden,Unpaid child care - Census : Total provided unpaid child care (no.),2016,66.0,35388,1.865038996269922,Pre
Woden,Unpaid child care - Census : Total provided unpaid child care (no.),2021,101.0,39079,2.58450830369252,During
Woden,Voluntary work for an organisation or group - Census : Volunteered for an organisation or group (no.),2011,50.0,34124,1.4652444027663813,Pre
Woden,Voluntary work for an organisation or group - Census : Volunteered for an organisation or group (no.),2016,83.0,35388,2.3454278286424777,Pre
Woden,Voluntary work for an organisation or group - Census : Volunteered for an organisation or group (no.),2021,86.0,39079,2.2006704368074925,During
